2025-04-13 13:08:14,601 - INFO - [initialize_database] - Database initialized at resume_engine.db
2025-04-13 13:08:14,602 - INFO - [main] - Loading Sentence Transformer model: intfloat/e5-large
2025-04-13 13:08:14,603 - INFO - [__init__] - Load pretrained SentenceTransformer: intfloat/e5-large
2025-04-13 13:08:22,209 - INFO - [__init__] - Use pytorch device_name: cpu
2025-04-13 13:08:22,430 - INFO - [process_all_files] - Found 226 supported files.
2025-04-13 13:08:22,438 - INFO - [process_all_files] - Found 0 existing sentence hashes in DB.
2025-04-13 13:08:32,910 - ERROR - [process_file] - Error generating embeddings for Sumanth Manne Java Developer.pdf: BaseEventLoop.run_in_executor() got an unexpected keyword argument 'normalize_embeddings'
2025-04-13 13:08:33,126 - ERROR - [process_file] - Error generating embeddings for Mani_Hadoop.pdf: BaseEventLoop.run_in_executor() got an unexpected keyword argument 'normalize_embeddings'
2025-04-13 13:08:33,277 - ERROR - [process_file] - Error generating embeddings for CHETAN_Sr Java Developer.pdf: BaseEventLoop.run_in_executor() got an unexpected keyword argument 'normalize_embeddings'
2025-04-13 13:08:33,553 - ERROR - [process_file] - Error generating embeddings for Praveen B.pdf: BaseEventLoop.run_in_executor() got an unexpected keyword argument 'normalize_embeddings'
2025-04-13 13:08:33,699 - ERROR - [process_file] - Error generating embeddings for B Suresh Kumar_Project Manager_1.pdf: BaseEventLoop.run_in_executor() got an unexpected keyword argument 'normalize_embeddings'
2025-04-13 13:08:33,718 - ERROR - [process_file] - Error generating embeddings for employer_mounika details.pdf: BaseEventLoop.run_in_executor() got an unexpected keyword argument 'normalize_embeddings'
2025-04-13 13:08:33,858 - ERROR - [process_file] - Error generating embeddings for Vamshi Teja_Business Analyst.pdf: BaseEventLoop.run_in_executor() got an unexpected keyword argument 'normalize_embeddings'
2025-04-13 13:08:33,992 - ERROR - [process_file] - Error generating embeddings for Resume - PM Agile-Scrum.pdf: BaseEventLoop.run_in_executor() got an unexpected keyword argument 'normalize_embeddings'
2025-04-13 13:08:34,157 - ERROR - [process_file] - Error generating embeddings for Naresh V.pdf: BaseEventLoop.run_in_executor() got an unexpected keyword argument 'normalize_embeddings'
2025-04-13 13:08:34,326 - ERROR - [process_file] - Error generating embeddings for Madhuri Pawar.pdf: BaseEventLoop.run_in_executor() got an unexpected keyword argument 'normalize_embeddings'
2025-04-13 13:08:34,429 - ERROR - [process_file] - Error generating embeddings for Dantu Padmasri - Project Manager.pdf: BaseEventLoop.run_in_executor() got an unexpected keyword argument 'normalize_embeddings'
2025-04-13 13:08:34,621 - ERROR - [process_file] - Error generating embeddings for Naveen Kumar Bandela.pdf: BaseEventLoop.run_in_executor() got an unexpected keyword argument 'normalize_embeddings'
2025-04-13 13:08:34,773 - ERROR - [process_file] - Error generating embeddings for Anudeep N_Sr Java Developer.pdf: BaseEventLoop.run_in_executor() got an unexpected keyword argument 'normalize_embeddings'
2025-04-13 13:08:34,933 - ERROR - [process_file] - Error generating embeddings for Samir Naik-NJ - Feb 2018-V6.0.pdf: BaseEventLoop.run_in_executor() got an unexpected keyword argument 'normalize_embeddings'
2025-04-13 13:08:35,134 - ERROR - [process_file] - Error generating embeddings for Drakshajavauidev.pdf: BaseEventLoop.run_in_executor() got an unexpected keyword argument 'normalize_embeddings'
2025-04-13 13:08:35,255 - ERROR - [process_file] - Error generating embeddings for Jagan S Iyer PM.pdf: BaseEventLoop.run_in_executor() got an unexpected keyword argument 'normalize_embeddings'
2025-04-13 13:08:35,388 - ERROR - [process_file] - Error generating embeddings for Sr. Business Analyst.pdf: BaseEventLoop.run_in_executor() got an unexpected keyword argument 'normalize_embeddings'
2025-04-13 13:08:35,591 - ERROR - [process_file] - Error generating embeddings for Navneeth Resume.pdf: BaseEventLoop.run_in_executor() got an unexpected keyword argument 'normalize_embeddings'
2025-04-13 13:08:35,747 - ERROR - [process_file] - Error generating embeddings for Abiral_Pandey_Fullstack_Java.pdf: BaseEventLoop.run_in_executor() got an unexpected keyword argument 'normalize_embeddings'
2025-04-13 13:08:35,918 - ERROR - [process_file] - Error generating embeddings for B Shaker-Sr BSA-Scrum Master .pdf: BaseEventLoop.run_in_executor() got an unexpected keyword argument 'normalize_embeddings'
2025-04-13 13:08:36,142 - ERROR - [process_file] - Error generating embeddings for RaviBurra_Certified PM_DevOps.pdf: BaseEventLoop.run_in_executor() got an unexpected keyword argument 'normalize_embeddings'
2025-04-13 13:08:36,348 - ERROR - [process_file] - Error generating embeddings for sanjay kumar.pdf: BaseEventLoop.run_in_executor() got an unexpected keyword argument 'normalize_embeddings'
2025-04-13 13:08:36,554 - ERROR - [process_file] - Error generating embeddings for Resume - Kishore Kotapati - 218E - BA.pdf: BaseEventLoop.run_in_executor() got an unexpected keyword argument 'normalize_embeddings'
2025-04-13 13:08:36,767 - ERROR - [process_file] - Error generating embeddings for BA - Abhishek.pdf: BaseEventLoop.run_in_executor() got an unexpected keyword argument 'normalize_embeddings'
2025-04-13 13:08:36,955 - ERROR - [process_file] - Error generating embeddings for Santosh Arugula BA.pdf: BaseEventLoop.run_in_executor() got an unexpected keyword argument 'normalize_embeddings'
2025-04-13 13:08:37,246 - ERROR - [process_file] - Error generating embeddings for Sundar_Java_8+ Years..pdf: BaseEventLoop.run_in_executor() got an unexpected keyword argument 'normalize_embeddings'
2025-04-13 13:08:37,442 - ERROR - [process_file] - Error generating embeddings for Ravi Reddy.pdf: BaseEventLoop.run_in_executor() got an unexpected keyword argument 'normalize_embeddings'
2025-04-13 13:08:37,604 - ERROR - [process_file] - Error generating embeddings for PM RESUME.pdf: BaseEventLoop.run_in_executor() got an unexpected keyword argument 'normalize_embeddings'
2025-04-13 13:08:37,817 - ERROR - [process_file] - Error generating embeddings for jeck P.pdf: BaseEventLoop.run_in_executor() got an unexpected keyword argument 'normalize_embeddings'
2025-04-13 13:08:37,997 - ERROR - [process_file] - Error generating embeddings for V Ashok A.pdf: BaseEventLoop.run_in_executor() got an unexpected keyword argument 'normalize_embeddings'
2025-04-13 13:08:38,254 - ERROR - [process_file] - Error generating embeddings for Pranay P.pdf: BaseEventLoop.run_in_executor() got an unexpected keyword argument 'normalize_embeddings'
2025-04-13 13:08:38,368 - ERROR - [process_file] - Error generating embeddings for SaravanaKumar.pdf: BaseEventLoop.run_in_executor() got an unexpected keyword argument 'normalize_embeddings'
2025-04-13 13:08:38,466 - ERROR - [process_file] - Error generating embeddings for Prashant Chawda_resume.pdf: BaseEventLoop.run_in_executor() got an unexpected keyword argument 'normalize_embeddings'
2025-04-13 13:08:38,612 - ERROR - [process_file] - Error generating embeddings for Madhu_BA_AW.pdf: BaseEventLoop.run_in_executor() got an unexpected keyword argument 'normalize_embeddings'
2025-04-13 13:08:38,794 - ERROR - [process_file] - Error generating embeddings for Venkat_BA.pdf: BaseEventLoop.run_in_executor() got an unexpected keyword argument 'normalize_embeddings'
2025-04-13 13:08:38,981 - ERROR - [process_file] - Error generating embeddings for Utthan Silawal12.pdf: BaseEventLoop.run_in_executor() got an unexpected keyword argument 'normalize_embeddings'
2025-04-13 13:08:39,144 - ERROR - [process_file] - Error generating embeddings for Resume - Sr PM.pdf: BaseEventLoop.run_in_executor() got an unexpected keyword argument 'normalize_embeddings'
2025-04-13 13:08:39,287 - ERROR - [process_file] - Error generating embeddings for Raja Santhosam_PM Scrum Master.pdf: BaseEventLoop.run_in_executor() got an unexpected keyword argument 'normalize_embeddings'
2025-04-13 13:08:39,404 - ERROR - [process_file] - Error generating embeddings for Venkata_Sr.PHP_Developer.pdf: BaseEventLoop.run_in_executor() got an unexpected keyword argument 'normalize_embeddings'
2025-04-13 13:08:39,567 - ERROR - [process_file] - Error generating embeddings for Jimi_Desai_PM.pdf: BaseEventLoop.run_in_executor() got an unexpected keyword argument 'normalize_embeddings'
2025-04-13 13:08:39,694 - ERROR - [process_file] - Error generating embeddings for Dhanalaxmi -BA.pdf: BaseEventLoop.run_in_executor() got an unexpected keyword argument 'normalize_embeddings'
2025-04-13 13:08:39,873 - ERROR - [process_file] - Error generating embeddings for jagadeesh k.pdf: BaseEventLoop.run_in_executor() got an unexpected keyword argument 'normalize_embeddings'
2025-04-13 13:08:40,033 - ERROR - [process_file] - Error generating embeddings for Priya_Sharma.pdf: BaseEventLoop.run_in_executor() got an unexpected keyword argument 'normalize_embeddings'
2025-04-13 13:08:40,188 - ERROR - [process_file] - Error generating embeddings for Ravi Pattar- Sr. Agile Program manager.pdf: BaseEventLoop.run_in_executor() got an unexpected keyword argument 'normalize_embeddings'
2025-04-13 13:08:40,361 - ERROR - [process_file] - Error generating embeddings for Avathika BA-Healthcare_.pdf: BaseEventLoop.run_in_executor() got an unexpected keyword argument 'normalize_embeddings'
2025-04-13 13:08:40,466 - ERROR - [process_file] - Error generating embeddings for Atul_Mathur_Resume.pdf: BaseEventLoop.run_in_executor() got an unexpected keyword argument 'normalize_embeddings'
2025-04-13 13:08:40,639 - ERROR - [process_file] - Error generating embeddings for Mahesh_Kamath_PM (1).pdf: BaseEventLoop.run_in_executor() got an unexpected keyword argument 'normalize_embeddings'
2025-04-13 13:08:40,812 - ERROR - [process_file] - Error generating embeddings for Ujvala BA Feb 20.pdf: BaseEventLoop.run_in_executor() got an unexpected keyword argument 'normalize_embeddings'
2025-04-13 13:08:40,937 - ERROR - [process_file] - Error generating embeddings for Sravani Battu.pdf: BaseEventLoop.run_in_executor() got an unexpected keyword argument 'normalize_embeddings'
2025-04-13 13:08:41,067 - ERROR - [process_file] - Error generating embeddings for Samir Naik-NJ - Mar 2018-V3.0.pdf: BaseEventLoop.run_in_executor() got an unexpected keyword argument 'normalize_embeddings'
2025-04-13 13:08:41,149 - ERROR - [process_file] - Error generating embeddings for Jennifer  M. Conte.pdf: BaseEventLoop.run_in_executor() got an unexpected keyword argument 'normalize_embeddings'
2025-04-13 13:08:41,332 - ERROR - [process_file] - Error generating embeddings for Reddemma_Lankipalle.pdf: BaseEventLoop.run_in_executor() got an unexpected keyword argument 'normalize_embeddings'
2025-04-13 13:08:41,542 - ERROR - [process_file] - Error generating embeddings for Deepika DC.pdf: BaseEventLoop.run_in_executor() got an unexpected keyword argument 'normalize_embeddings'
2025-04-13 13:08:41,739 - ERROR - [process_file] - Error generating embeddings for Manohar B.pdf: BaseEventLoop.run_in_executor() got an unexpected keyword argument 'normalize_embeddings'
2025-04-13 13:08:41,971 - ERROR - [process_file] - Error generating embeddings for Jaya prakash.pdf: BaseEventLoop.run_in_executor() got an unexpected keyword argument 'normalize_embeddings'
2025-04-13 13:08:42,335 - ERROR - [process_file] - Error generating embeddings for AnilAgarwal.pdf: BaseEventLoop.run_in_executor() got an unexpected keyword argument 'normalize_embeddings'
2025-04-13 13:08:42,556 - ERROR - [process_file] - Error generating embeddings for Ashwini J2EE Developer.pdf: BaseEventLoop.run_in_executor() got an unexpected keyword argument 'normalize_embeddings'
2025-04-13 13:08:42,798 - ERROR - [process_file] - Error generating embeddings for Sudhakar Reddy.pdf: BaseEventLoop.run_in_executor() got an unexpected keyword argument 'normalize_embeddings'
2025-04-13 13:08:43,007 - ERROR - [process_file] - Error generating embeddings for Deepika Chintalapati.pdf: BaseEventLoop.run_in_executor() got an unexpected keyword argument 'normalize_embeddings'
2025-04-13 13:08:43,318 - ERROR - [process_file] - Error generating embeddings for Saiteja G.pdf: BaseEventLoop.run_in_executor() got an unexpected keyword argument 'normalize_embeddings'
2025-04-13 13:08:43,481 - ERROR - [process_file] - Error generating embeddings for RaviRaju_Resume.pdf: BaseEventLoop.run_in_executor() got an unexpected keyword argument 'normalize_embeddings'
2025-04-13 13:08:43,666 - ERROR - [process_file] - Error generating embeddings for Jayadattaperi N.pdf: BaseEventLoop.run_in_executor() got an unexpected keyword argument 'normalize_embeddings'
2025-04-13 13:08:43,892 - ERROR - [process_file] - Error generating embeddings for madhuri_java.pdf: BaseEventLoop.run_in_executor() got an unexpected keyword argument 'normalize_embeddings'
2025-04-13 13:08:44,164 - ERROR - [process_file] - Error generating embeddings for ravikiran JALASUTRAPU.pdf: BaseEventLoop.run_in_executor() got an unexpected keyword argument 'normalize_embeddings'
2025-04-13 13:08:44,386 - ERROR - [process_file] - Error generating embeddings for Ashok Jayakumar - PM.pdf: BaseEventLoop.run_in_executor() got an unexpected keyword argument 'normalize_embeddings'
2025-04-13 13:08:44,684 - ERROR - [process_file] - Error generating embeddings for Derik.pdf: BaseEventLoop.run_in_executor() got an unexpected keyword argument 'normalize_embeddings'
2025-04-13 13:08:44,868 - ERROR - [process_file] - Error generating embeddings for Praveen T.pdf: BaseEventLoop.run_in_executor() got an unexpected keyword argument 'normalize_embeddings'
2025-04-13 13:08:45,114 - ERROR - [process_file] - Error generating embeddings for sairithvik alla.pdf: BaseEventLoop.run_in_executor() got an unexpected keyword argument 'normalize_embeddings'
2025-04-13 13:08:45,366 - ERROR - [process_file] - Error generating embeddings for Nikhil.pdf: BaseEventLoop.run_in_executor() got an unexpected keyword argument 'normalize_embeddings'
2025-04-13 13:08:45,606 - ERROR - [process_file] - Error generating embeddings for srinivas b.pdf: BaseEventLoop.run_in_executor() got an unexpected keyword argument 'normalize_embeddings'
2025-04-13 13:08:45,950 - ERROR - [process_file] - Error generating embeddings for Srivatsan_Project_Manager.pdf: BaseEventLoop.run_in_executor() got an unexpected keyword argument 'normalize_embeddings'
2025-04-13 13:08:46,201 - ERROR - [process_file] - Error generating embeddings for avinash G.pdf: BaseEventLoop.run_in_executor() got an unexpected keyword argument 'normalize_embeddings'
2025-04-13 13:08:46,417 - ERROR - [process_file] - Error generating embeddings for Sravani Singirikonda.pdf: BaseEventLoop.run_in_executor() got an unexpected keyword argument 'normalize_embeddings'
2025-04-13 13:08:46,621 - ERROR - [process_file] - Error generating embeddings for Achyuth Resume_8.pdf: BaseEventLoop.run_in_executor() got an unexpected keyword argument 'normalize_embeddings'
2025-04-13 13:08:46,866 - ERROR - [process_file] - Error generating embeddings for chenna kesava.pdf: BaseEventLoop.run_in_executor() got an unexpected keyword argument 'normalize_embeddings'
2025-04-13 13:08:47,122 - ERROR - [process_file] - Error generating embeddings for kalyan das.pdf: BaseEventLoop.run_in_executor() got an unexpected keyword argument 'normalize_embeddings'
2025-04-13 13:08:47,347 - ERROR - [process_file] - Error generating embeddings for Naren Sr.BA .pdf: BaseEventLoop.run_in_executor() got an unexpected keyword argument 'normalize_embeddings'
2025-04-13 13:08:47,539 - ERROR - [process_file] - Error generating embeddings for Manikanta P.pdf: BaseEventLoop.run_in_executor() got an unexpected keyword argument 'normalize_embeddings'
2025-04-13 13:08:47,738 - ERROR - [process_file] - Error generating embeddings for Naveen Arora.pdf: BaseEventLoop.run_in_executor() got an unexpected keyword argument 'normalize_embeddings'
2025-04-13 13:08:47,974 - ERROR - [process_file] - Error generating embeddings for Sarath M.pdf: BaseEventLoop.run_in_executor() got an unexpected keyword argument 'normalize_embeddings'
2025-04-13 13:08:48,213 - ERROR - [process_file] - Error generating embeddings for mahesh_Java.pdf: BaseEventLoop.run_in_executor() got an unexpected keyword argument 'normalize_embeddings'
2025-04-13 13:08:48,443 - ERROR - [process_file] - Error generating embeddings for Yugesh_Resume.pdf: BaseEventLoop.run_in_executor() got an unexpected keyword argument 'normalize_embeddings'
2025-04-13 13:08:48,656 - ERROR - [process_file] - Error generating embeddings for Satish Reddy.pdf: BaseEventLoop.run_in_executor() got an unexpected keyword argument 'normalize_embeddings'
2025-04-13 13:08:48,906 - ERROR - [process_file] - Error generating embeddings for Vamshi L.pdf: BaseEventLoop.run_in_executor() got an unexpected keyword argument 'normalize_embeddings'
2025-04-13 13:08:49,356 - ERROR - [process_file] - Error generating embeddings for manish_singh_resume.pdf: BaseEventLoop.run_in_executor() got an unexpected keyword argument 'normalize_embeddings'
2025-04-13 13:08:49,558 - ERROR - [process_file] - Error generating embeddings for Neha Mugghala.pdf: BaseEventLoop.run_in_executor() got an unexpected keyword argument 'normalize_embeddings'
2025-04-13 13:08:49,822 - ERROR - [process_file] - Error generating embeddings for Priya B.pdf: BaseEventLoop.run_in_executor() got an unexpected keyword argument 'normalize_embeddings'
2025-04-13 13:08:50,342 - ERROR - [process_file] - Error generating embeddings for Sai Srinivas_Sr_Java_Developer.pdf: BaseEventLoop.run_in_executor() got an unexpected keyword argument 'normalize_embeddings'
2025-04-13 13:08:50,580 - ERROR - [process_file] - Error generating embeddings for Yohan BSA.pdf: BaseEventLoop.run_in_executor() got an unexpected keyword argument 'normalize_embeddings'
2025-04-13 13:08:50,817 - ERROR - [process_file] - Error generating embeddings for Naveen.S_Resume.pdf: BaseEventLoop.run_in_executor() got an unexpected keyword argument 'normalize_embeddings'
2025-04-13 13:08:51,053 - ERROR - [process_file] - Error generating embeddings for Naren Sr.BA.pdf: BaseEventLoop.run_in_executor() got an unexpected keyword argument 'normalize_embeddings'
2025-04-13 13:08:51,281 - ERROR - [process_file] - Error generating embeddings for madhuri R.pdf: BaseEventLoop.run_in_executor() got an unexpected keyword argument 'normalize_embeddings'
2025-04-13 13:08:51,542 - ERROR - [process_file] - Error generating embeddings for Priyanka Sr BSA Resume.pdf: BaseEventLoop.run_in_executor() got an unexpected keyword argument 'normalize_embeddings'
2025-04-13 13:08:51,825 - ERROR - [process_file] - Error generating embeddings for Kashyap K. Vora resume.pdf: BaseEventLoop.run_in_executor() got an unexpected keyword argument 'normalize_embeddings'
2025-04-13 13:08:52,102 - ERROR - [process_file] - Error generating embeddings for Sri Gati.pdf: BaseEventLoop.run_in_executor() got an unexpected keyword argument 'normalize_embeddings'
2025-04-13 13:08:52,330 - ERROR - [process_file] - Error generating embeddings for Varun.pdf: BaseEventLoop.run_in_executor() got an unexpected keyword argument 'normalize_embeddings'
2025-04-13 13:08:52,567 - ERROR - [process_file] - Error generating embeddings for Varun Kumar.pdf: BaseEventLoop.run_in_executor() got an unexpected keyword argument 'normalize_embeddings'
2025-04-13 13:08:53,042 - ERROR - [process_file] - Error generating embeddings for Pierre John.pdf: BaseEventLoop.run_in_executor() got an unexpected keyword argument 'normalize_embeddings'
2025-04-13 13:08:53,347 - ERROR - [process_file] - Error generating embeddings for vema reddy.pdf: BaseEventLoop.run_in_executor() got an unexpected keyword argument 'normalize_embeddings'
2025-04-13 13:08:54,485 - ERROR - [process_file] - Error generating embeddings for BA - Navneet.pdf: BaseEventLoop.run_in_executor() got an unexpected keyword argument 'normalize_embeddings'
2025-04-13 13:08:54,687 - ERROR - [process_file] - Error generating embeddings for Resume Vishal PM - MSIS, PMP-PMI.pdf: BaseEventLoop.run_in_executor() got an unexpected keyword argument 'normalize_embeddings'
2025-04-13 13:08:54,835 - ERROR - [process_file] - Error generating embeddings for Nikki_Nimmagadd.pdf: BaseEventLoop.run_in_executor() got an unexpected keyword argument 'normalize_embeddings'
2025-04-13 13:08:55,106 - ERROR - [process_file] - Error generating embeddings for KIRAN KUMAR.pdf: BaseEventLoop.run_in_executor() got an unexpected keyword argument 'normalize_embeddings'
2025-04-13 13:08:55,192 - ERROR - [process_file] - Error generating embeddings for Mohamad Jamil.pdf: BaseEventLoop.run_in_executor() got an unexpected keyword argument 'normalize_embeddings'
2025-04-13 13:08:55,293 - ERROR - [process_file] - Error generating embeddings for Shashank.pdf: BaseEventLoop.run_in_executor() got an unexpected keyword argument 'normalize_embeddings'
2025-04-13 13:08:55,399 - ERROR - [process_file] - Error generating embeddings for Francis Gomes Resume.pdf: BaseEventLoop.run_in_executor() got an unexpected keyword argument 'normalize_embeddings'
2025-04-13 13:08:55,464 - ERROR - [process_file] - Error generating embeddings for Adelina_Erimia_PMP1.pdf: BaseEventLoop.run_in_executor() got an unexpected keyword argument 'normalize_embeddings'
2025-04-13 13:08:55,720 - ERROR - [process_file] - Error generating embeddings for Syed_Zia_Ashraf.pdf: BaseEventLoop.run_in_executor() got an unexpected keyword argument 'normalize_embeddings'
2025-04-13 13:08:55,890 - ERROR - [process_file] - Error generating embeddings for Mohammad Resume.pdf: BaseEventLoop.run_in_executor() got an unexpected keyword argument 'normalize_embeddings'
2025-04-13 13:08:56,049 - ERROR - [process_file] - Error generating embeddings for BA Kiran.pdf: BaseEventLoop.run_in_executor() got an unexpected keyword argument 'normalize_embeddings'
2025-04-13 13:08:56,248 - ERROR - [process_file] - Error generating embeddings for Resume_Spoorti Pandit_BSA.pdf: BaseEventLoop.run_in_executor() got an unexpected keyword argument 'normalize_embeddings'
2025-04-13 13:08:56,390 - ERROR - [process_file] - Error generating embeddings for Raju Goduguchinta_Technical Program Manager.pdf: BaseEventLoop.run_in_executor() got an unexpected keyword argument 'normalize_embeddings'
2025-04-13 13:08:56,486 - ERROR - [process_file] - Error generating embeddings for Rajendra-PMP-CSM.pdf: BaseEventLoop.run_in_executor() got an unexpected keyword argument 'normalize_embeddings'
2025-04-13 13:08:56,637 - ERROR - [process_file] - Error generating embeddings for Mitali Barman_Resume.pdf: BaseEventLoop.run_in_executor() got an unexpected keyword argument 'normalize_embeddings'
2025-04-13 13:08:56,736 - ERROR - [process_file] - Error generating embeddings for Balakrishna Sudabathula.pdf: BaseEventLoop.run_in_executor() got an unexpected keyword argument 'normalize_embeddings'
2025-04-13 13:08:56,956 - ERROR - [process_file] - Error generating embeddings for Vivek.BSA.pdf: BaseEventLoop.run_in_executor() got an unexpected keyword argument 'normalize_embeddings'
2025-04-13 13:08:57,124 - ERROR - [process_file] - Error generating embeddings for Tanmay_Dam_Resume_BA.pdf: BaseEventLoop.run_in_executor() got an unexpected keyword argument 'normalize_embeddings'
2025-04-13 13:08:57,240 - ERROR - [process_file] - Error generating embeddings for Tarun Resume.pdf: BaseEventLoop.run_in_executor() got an unexpected keyword argument 'normalize_embeddings'
2025-04-13 13:08:57,398 - ERROR - [process_file] - Error generating embeddings for Robinson.pdf: BaseEventLoop.run_in_executor() got an unexpected keyword argument 'normalize_embeddings'
2025-04-13 13:08:57,588 - ERROR - [process_file] - Error generating embeddings for Balaji Gopalakrishnan Project Manager.pdf: BaseEventLoop.run_in_executor() got an unexpected keyword argument 'normalize_embeddings'
2025-04-13 13:08:57,778 - ERROR - [process_file] - Error generating embeddings for Shail_Tank-Business Analyst .pdf: BaseEventLoop.run_in_executor() got an unexpected keyword argument 'normalize_embeddings'
2025-04-13 13:08:57,980 - ERROR - [process_file] - Error generating embeddings for Krishna Kuruvella.pdf: BaseEventLoop.run_in_executor() got an unexpected keyword argument 'normalize_embeddings'
2025-04-13 13:08:58,216 - ERROR - [process_file] - Error generating embeddings for Niteesh Java Developer.pdf: BaseEventLoop.run_in_executor() got an unexpected keyword argument 'normalize_embeddings'
2025-04-13 13:08:58,435 - ERROR - [process_file] - Error generating embeddings for Bapuji Hadoop developer.pdf: BaseEventLoop.run_in_executor() got an unexpected keyword argument 'normalize_embeddings'
2025-04-13 13:08:58,646 - ERROR - [process_file] - Error generating embeddings for ram nandyala.pdf: BaseEventLoop.run_in_executor() got an unexpected keyword argument 'normalize_embeddings'
2025-04-13 13:08:58,845 - ERROR - [process_file] - Error generating embeddings for Spoorthi Finance BSA Resume.pdf: BaseEventLoop.run_in_executor() got an unexpected keyword argument 'normalize_embeddings'
2025-04-13 13:08:59,051 - ERROR - [process_file] - Error generating embeddings for Satish Uduta.pdf: BaseEventLoop.run_in_executor() got an unexpected keyword argument 'normalize_embeddings'
2025-04-13 13:08:59,264 - ERROR - [process_file] - Error generating embeddings for Tarun RESUME-BSAT.pdf: BaseEventLoop.run_in_executor() got an unexpected keyword argument 'normalize_embeddings'
2025-04-13 13:08:59,493 - ERROR - [process_file] - Error generating embeddings for VIJETHA G.pdf: BaseEventLoop.run_in_executor() got an unexpected keyword argument 'normalize_embeddings'
2025-04-13 13:08:59,677 - ERROR - [process_file] - Error generating embeddings for Akhil_Sr BSA.pdf: BaseEventLoop.run_in_executor() got an unexpected keyword argument 'normalize_embeddings'
2025-04-13 13:08:59,825 - ERROR - [process_file] - Error generating embeddings for BA with INV.pdf: BaseEventLoop.run_in_executor() got an unexpected keyword argument 'normalize_embeddings'
2025-04-13 13:09:00,150 - ERROR - [process_file] - Error generating embeddings for nithin katapally.pdf: BaseEventLoop.run_in_executor() got an unexpected keyword argument 'normalize_embeddings'
2025-04-13 13:09:00,300 - ERROR - [process_file] - Error generating embeddings for Gokul Selvam S PM.pdf: BaseEventLoop.run_in_executor() got an unexpected keyword argument 'normalize_embeddings'
2025-04-13 13:09:00,462 - ERROR - [process_file] - Error generating embeddings for Resume2018March.pdf: BaseEventLoop.run_in_executor() got an unexpected keyword argument 'normalize_embeddings'
2025-04-13 13:09:00,854 - ERROR - [process_file] - Error generating embeddings for Ramachandra EDA.pdf: BaseEventLoop.run_in_executor() got an unexpected keyword argument 'normalize_embeddings'
2025-04-13 13:09:01,015 - ERROR - [process_file] - Error generating embeddings for mohid_rj.pdf: BaseEventLoop.run_in_executor() got an unexpected keyword argument 'normalize_embeddings'
2025-04-13 13:09:01,221 - ERROR - [process_file] - Error generating embeddings for Vijay Bhargav.pdf: BaseEventLoop.run_in_executor() got an unexpected keyword argument 'normalize_embeddings'
2025-04-13 13:09:01,448 - ERROR - [process_file] - Error generating embeddings for Gopi.pdf: BaseEventLoop.run_in_executor() got an unexpected keyword argument 'normalize_embeddings'
2025-04-13 13:09:01,725 - ERROR - [process_file] - Error generating embeddings for SUNITHA Project Manager (1).pdf: BaseEventLoop.run_in_executor() got an unexpected keyword argument 'normalize_embeddings'
2025-04-13 13:09:01,917 - ERROR - [process_file] - Error generating embeddings for Gururaja Murthy PMCPCSM.pdf: BaseEventLoop.run_in_executor() got an unexpected keyword argument 'normalize_embeddings'
2025-04-13 13:09:02,110 - ERROR - [process_file] - Error generating embeddings for ram krishna.pdf: BaseEventLoop.run_in_executor() got an unexpected keyword argument 'normalize_embeddings'
2025-04-13 13:09:02,176 - ERROR - [process_file] - Error generating embeddings for Nilesh-resume_1_phplead.pdf: BaseEventLoop.run_in_executor() got an unexpected keyword argument 'normalize_embeddings'
2025-04-13 13:09:02,503 - ERROR - [process_file] - Error generating embeddings for Manohar Reddy.pdf: BaseEventLoop.run_in_executor() got an unexpected keyword argument 'normalize_embeddings'
2025-04-13 13:09:03,196 - ERROR - [process_file] - Error generating embeddings for Nandini_Resume.pdf: BaseEventLoop.run_in_executor() got an unexpected keyword argument 'normalize_embeddings'
2025-04-13 13:09:03,514 - ERROR - [process_file] - Error generating embeddings for Krishna Sr. BSA Resume.pdf: BaseEventLoop.run_in_executor() got an unexpected keyword argument 'normalize_embeddings'
2025-04-13 13:09:03,845 - ERROR - [process_file] - Error generating embeddings for nithin Reddy.pdf: BaseEventLoop.run_in_executor() got an unexpected keyword argument 'normalize_embeddings'
2025-04-13 13:09:04,057 - ERROR - [process_file] - Error generating embeddings for Krishnapriya_BA.pdf: BaseEventLoop.run_in_executor() got an unexpected keyword argument 'normalize_embeddings'
2025-04-13 13:09:04,292 - ERROR - [process_file] - Error generating embeddings for Haarika_BA.pdf: BaseEventLoop.run_in_executor() got an unexpected keyword argument 'normalize_embeddings'
2025-04-13 13:09:04,504 - ERROR - [process_file] - Error generating embeddings for Vikash_BA_Ab.pdf: BaseEventLoop.run_in_executor() got an unexpected keyword argument 'normalize_embeddings'
2025-04-13 13:09:04,577 - ERROR - [process_file] - Error generating embeddings for Rajesh_k.pdf: BaseEventLoop.run_in_executor() got an unexpected keyword argument 'normalize_embeddings'
2025-04-13 13:09:04,865 - ERROR - [process_file] - Error generating embeddings for vikas java.pdf: BaseEventLoop.run_in_executor() got an unexpected keyword argument 'normalize_embeddings'
2025-04-13 13:09:05,087 - ERROR - [process_file] - Error generating embeddings for Akhil.profile.pdf: BaseEventLoop.run_in_executor() got an unexpected keyword argument 'normalize_embeddings'
2025-04-13 13:09:05,435 - ERROR - [process_file] - Error generating embeddings for AjayKumar.pdf: BaseEventLoop.run_in_executor() got an unexpected keyword argument 'normalize_embeddings'
2025-04-13 13:09:05,723 - ERROR - [process_file] - Error generating embeddings for manohar.B.pdf: BaseEventLoop.run_in_executor() got an unexpected keyword argument 'normalize_embeddings'
2025-04-13 13:09:05,970 - ERROR - [process_file] - Error generating embeddings for Tarun.pdf: BaseEventLoop.run_in_executor() got an unexpected keyword argument 'normalize_embeddings'
2025-04-13 13:09:06,181 - ERROR - [process_file] - Error generating embeddings for komal patel.pdf: BaseEventLoop.run_in_executor() got an unexpected keyword argument 'normalize_embeddings'
2025-04-13 13:09:06,331 - ERROR - [process_file] - Error generating embeddings for SAURABH_PM.pdf: BaseEventLoop.run_in_executor() got an unexpected keyword argument 'normalize_embeddings'
2025-04-13 13:09:06,430 - ERROR - [process_file] - Error generating embeddings for Gautami Bulusu Mobile Testing 3.pdf: BaseEventLoop.run_in_executor() got an unexpected keyword argument 'normalize_embeddings'
2025-04-13 13:09:06,646 - ERROR - [process_file] - Error generating embeddings for venu b.pdf: BaseEventLoop.run_in_executor() got an unexpected keyword argument 'normalize_embeddings'
2025-04-13 13:09:06,830 - ERROR - [process_file] - Error generating embeddings for Adhi Gopalam - SM.pdf: BaseEventLoop.run_in_executor() got an unexpected keyword argument 'normalize_embeddings'
2025-04-13 13:09:07,063 - ERROR - [process_file] - Error generating embeddings for Rohanu Resume.pdf: BaseEventLoop.run_in_executor() got an unexpected keyword argument 'normalize_embeddings'
2025-04-13 13:09:07,311 - ERROR - [process_file] - Error generating embeddings for ronith s.pdf: BaseEventLoop.run_in_executor() got an unexpected keyword argument 'normalize_embeddings'
2025-04-13 13:09:07,632 - ERROR - [process_file] - Error generating embeddings for Komala BSA Resume.pdf: BaseEventLoop.run_in_executor() got an unexpected keyword argument 'normalize_embeddings'
2025-04-13 13:09:07,892 - ERROR - [process_file] - Error generating embeddings for Alekhya Resume.pdf: BaseEventLoop.run_in_executor() got an unexpected keyword argument 'normalize_embeddings'
2025-04-13 13:09:08,046 - ERROR - [process_file] - Error generating embeddings for Sharath Java.pdf: BaseEventLoop.run_in_executor() got an unexpected keyword argument 'normalize_embeddings'
2025-04-13 13:09:08,264 - ERROR - [process_file] - Error generating embeddings for Shaker Resume.pdf: BaseEventLoop.run_in_executor() got an unexpected keyword argument 'normalize_embeddings'
2025-04-13 13:09:08,506 - ERROR - [process_file] - Error generating embeddings for Vinay.D_Resume.pdf: BaseEventLoop.run_in_executor() got an unexpected keyword argument 'normalize_embeddings'
2025-04-13 13:09:09,014 - ERROR - [process_file] - Error generating embeddings for Nikith Reddy.pdf: BaseEventLoop.run_in_executor() got an unexpected keyword argument 'normalize_embeddings'
2025-04-13 13:09:09,277 - ERROR - [process_file] - Error generating embeddings for Randy Adams.pdf: BaseEventLoop.run_in_executor() got an unexpected keyword argument 'normalize_embeddings'
2025-04-13 13:09:09,420 - ERROR - [process_file] - Error generating embeddings for Chandler_BA.pdf: BaseEventLoop.run_in_executor() got an unexpected keyword argument 'normalize_embeddings'
2025-04-13 13:09:09,613 - ERROR - [process_file] - Error generating embeddings for Shiva G-Java Resume.pdf: BaseEventLoop.run_in_executor() got an unexpected keyword argument 'normalize_embeddings'
2025-04-13 13:09:09,816 - ERROR - [process_file] - Error generating embeddings for Vishnu Java dev.pdf: BaseEventLoop.run_in_executor() got an unexpected keyword argument 'normalize_embeddings'
2025-04-13 13:09:09,951 - ERROR - [process_file] - Error generating embeddings for Sai Krishna BA.pdf: BaseEventLoop.run_in_executor() got an unexpected keyword argument 'normalize_embeddings'
2025-04-13 13:09:10,126 - ERROR - [process_file] - Error generating embeddings for indrakaran soma.pdf: BaseEventLoop.run_in_executor() got an unexpected keyword argument 'normalize_embeddings'
2025-04-13 13:09:10,264 - ERROR - [process_file] - Error generating embeddings for HARI_Sr.Java Developer.pdf: BaseEventLoop.run_in_executor() got an unexpected keyword argument 'normalize_embeddings'
2025-04-13 13:09:10,564 - ERROR - [process_file] - Error generating embeddings for Pavan Kumar Full Stack Java Developer.pdf: BaseEventLoop.run_in_executor() got an unexpected keyword argument 'normalize_embeddings'
2025-04-13 13:09:10,691 - ERROR - [process_file] - Error generating embeddings for Vivek Joshi_CV.pdf: BaseEventLoop.run_in_executor() got an unexpected keyword argument 'normalize_embeddings'
2025-04-13 13:09:10,816 - ERROR - [process_file] - Error generating embeddings for KY BA PM UPDATED RESUME .pdf: BaseEventLoop.run_in_executor() got an unexpected keyword argument 'normalize_embeddings'
2025-04-13 13:09:10,937 - ERROR - [process_file] - Error generating embeddings for Ranjan_Project Manager-Scrum Master.pdf: BaseEventLoop.run_in_executor() got an unexpected keyword argument 'normalize_embeddings'
2025-04-13 13:09:11,091 - ERROR - [process_file] - Error generating embeddings for Uday_Maripelly.pdf: BaseEventLoop.run_in_executor() got an unexpected keyword argument 'normalize_embeddings'
2025-04-13 13:09:11,239 - ERROR - [process_file] - Error generating embeddings for Mounika_P.pdf: BaseEventLoop.run_in_executor() got an unexpected keyword argument 'normalize_embeddings'
2025-04-13 13:09:11,530 - ERROR - [process_file] - Error generating embeddings for Amulya Komatineni.pdf: BaseEventLoop.run_in_executor() got an unexpected keyword argument 'normalize_embeddings'
2025-04-13 13:09:11,695 - ERROR - [process_file] - Error generating embeddings for Kuppurajbabu_BA.pdf: BaseEventLoop.run_in_executor() got an unexpected keyword argument 'normalize_embeddings'
2025-04-13 13:09:11,881 - ERROR - [process_file] - Error generating embeddings for Harshitha Challa.pdf: BaseEventLoop.run_in_executor() got an unexpected keyword argument 'normalize_embeddings'
2025-04-13 13:09:12,144 - ERROR - [process_file] - Error generating embeddings for Sougandh_Java Fullstack Developer.pdf: BaseEventLoop.run_in_executor() got an unexpected keyword argument 'normalize_embeddings'
2025-04-13 13:09:12,281 - ERROR - [process_file] - Error generating embeddings for Smita Kamble_Resume.pdf: BaseEventLoop.run_in_executor() got an unexpected keyword argument 'normalize_embeddings'
2025-04-13 13:09:12,542 - ERROR - [process_file] - Error generating embeddings for Anil Krishna Mogalaturthi.pdf: BaseEventLoop.run_in_executor() got an unexpected keyword argument 'normalize_embeddings'
2025-04-13 13:09:12,743 - ERROR - [process_file] - Error generating embeddings for Pavan Sr Business Analyst resume.pdf: BaseEventLoop.run_in_executor() got an unexpected keyword argument 'normalize_embeddings'
2025-04-13 13:09:13,028 - ERROR - [process_file] - Error generating embeddings for Tushar Patel.pdf: BaseEventLoop.run_in_executor() got an unexpected keyword argument 'normalize_embeddings'
2025-04-13 13:09:13,198 - ERROR - [process_file] - Error generating embeddings for Sai kumar.pdf: BaseEventLoop.run_in_executor() got an unexpected keyword argument 'normalize_embeddings'
2025-04-13 13:09:13,590 - ERROR - [process_file] - Error generating embeddings for Murali_Project Manager QA.pdf: BaseEventLoop.run_in_executor() got an unexpected keyword argument 'normalize_embeddings'
2025-04-13 13:09:14,058 - ERROR - [process_file] - Error generating embeddings for Rao_Java.pdf: BaseEventLoop.run_in_executor() got an unexpected keyword argument 'normalize_embeddings'
2025-04-13 13:09:14,242 - ERROR - [process_file] - Error generating embeddings for Business Analyst_GHyma.pdf: BaseEventLoop.run_in_executor() got an unexpected keyword argument 'normalize_embeddings'
2025-04-13 13:09:14,901 - ERROR - [process_file] - Error generating embeddings for sai k.pdf: BaseEventLoop.run_in_executor() got an unexpected keyword argument 'normalize_embeddings'
2025-04-13 13:09:15,077 - ERROR - [process_file] - Error generating embeddings for TeresaNeetipudi IT BA.pdf: BaseEventLoop.run_in_executor() got an unexpected keyword argument 'normalize_embeddings'
2025-04-13 13:09:15,278 - ERROR - [process_file] - Error generating embeddings for Amrinder Business Analyst.pdf: BaseEventLoop.run_in_executor() got an unexpected keyword argument 'normalize_embeddings'
2025-04-13 13:09:15,558 - ERROR - [process_file] - Error generating embeddings for Ami Jape.pdf: BaseEventLoop.run_in_executor() got an unexpected keyword argument 'normalize_embeddings'
2025-04-13 13:09:15,780 - ERROR - [process_file] - Error generating embeddings for Rashmitha R.pdf: BaseEventLoop.run_in_executor() got an unexpected keyword argument 'normalize_embeddings'
2025-04-13 13:09:16,011 - ERROR - [process_file] - Error generating embeddings for Harika_java.pdf: BaseEventLoop.run_in_executor() got an unexpected keyword argument 'normalize_embeddings'
2025-04-13 13:09:16,288 - ERROR - [process_file] - Error generating embeddings for Tarun_Developer.pdf: BaseEventLoop.run_in_executor() got an unexpected keyword argument 'normalize_embeddings'
2025-04-13 13:09:16,432 - ERROR - [process_file] - Error generating embeddings for Vishal S..pdf: BaseEventLoop.run_in_executor() got an unexpected keyword argument 'normalize_embeddings'
2025-04-13 13:09:16,688 - ERROR - [process_file] - Error generating embeddings for Sahas BA Resume.pdf: BaseEventLoop.run_in_executor() got an unexpected keyword argument 'normalize_embeddings'
2025-04-13 13:09:16,802 - ERROR - [process_file] - Error generating embeddings for ParthMPatel_BA.pdf: BaseEventLoop.run_in_executor() got an unexpected keyword argument 'normalize_embeddings'
2025-04-13 13:09:16,892 - ERROR - [process_file] - Error generating embeddings for RAMYA BUSINESS ANALYST RESUME.pdf: BaseEventLoop.run_in_executor() got an unexpected keyword argument 'normalize_embeddings'
2025-04-13 13:09:17,076 - ERROR - [process_file] - Error generating embeddings for Shelly Woods.pdf: BaseEventLoop.run_in_executor() got an unexpected keyword argument 'normalize_embeddings'
2025-04-13 13:09:17,271 - ERROR - [process_file] - Error generating embeddings for Mounika health care resume.pdf: BaseEventLoop.run_in_executor() got an unexpected keyword argument 'normalize_embeddings'
2025-04-13 13:09:17,477 - ERROR - [process_file] - Error generating embeddings for Ramteja Motupalli.pdf: BaseEventLoop.run_in_executor() got an unexpected keyword argument 'normalize_embeddings'
2025-04-13 13:09:17,614 - ERROR - [process_file] - Error generating embeddings for Othman - Project Manager.pdf: BaseEventLoop.run_in_executor() got an unexpected keyword argument 'normalize_embeddings'
2025-04-13 13:09:17,760 - ERROR - [process_file] - Error generating embeddings for Vishnu BA Resume.pdf: BaseEventLoop.run_in_executor() got an unexpected keyword argument 'normalize_embeddings'
2025-04-13 13:09:17,929 - ERROR - [process_file] - Error generating embeddings for Bharatha BA Resume.pdf: BaseEventLoop.run_in_executor() got an unexpected keyword argument 'normalize_embeddings'
2025-04-13 13:09:18,181 - ERROR - [process_file] - Error generating embeddings for mounika BA resume 7.pdf: BaseEventLoop.run_in_executor() got an unexpected keyword argument 'normalize_embeddings'
2025-04-13 13:09:18,328 - ERROR - [process_file] - Error generating embeddings for Bharat Arora_CV_PMP _ ERP1.pdf: BaseEventLoop.run_in_executor() got an unexpected keyword argument 'normalize_embeddings'
2025-04-13 13:09:18,528 - ERROR - [process_file] - Error generating embeddings for Brahma-Resume (BA).pdf: BaseEventLoop.run_in_executor() got an unexpected keyword argument 'normalize_embeddings'
2025-04-13 13:09:18,855 - ERROR - [process_file] - Error generating embeddings for Krishna_BSA.pdf: BaseEventLoop.run_in_executor() got an unexpected keyword argument 'normalize_embeddings'
2025-04-13 13:09:19,166 - ERROR - [process_file] - Error generating embeddings for Shiuli Mahmud.pdf: BaseEventLoop.run_in_executor() got an unexpected keyword argument 'normalize_embeddings'
2025-04-13 13:09:19,488 - ERROR - [process_file] - Error generating embeddings for Pankaj BSA.pdf: BaseEventLoop.run_in_executor() got an unexpected keyword argument 'normalize_embeddings'
2025-04-13 13:09:19,697 - ERROR - [process_file] - Error generating embeddings for harish S.pdf: BaseEventLoop.run_in_executor() got an unexpected keyword argument 'normalize_embeddings'
2025-04-13 13:09:19,889 - ERROR - [process_file] - Error generating embeddings for Sahithi K.pdf: BaseEventLoop.run_in_executor() got an unexpected keyword argument 'normalize_embeddings'
2025-04-13 13:09:20,036 - ERROR - [process_file] - Error generating embeddings for Tejaswi-resume.pdf: BaseEventLoop.run_in_executor() got an unexpected keyword argument 'normalize_embeddings'
2025-04-13 13:09:20,234 - ERROR - [process_file] - Error generating embeddings for MounikaReddy.pdf: BaseEventLoop.run_in_executor() got an unexpected keyword argument 'normalize_embeddings'
2025-04-13 13:09:20,481 - ERROR - [process_file] - Error generating embeddings for Amar Sr BSA.pdf: BaseEventLoop.run_in_executor() got an unexpected keyword argument 'normalize_embeddings'
2025-04-13 13:09:20,757 - ERROR - [process_file] - Error generating embeddings for Kumar Raj.pdf: BaseEventLoop.run_in_executor() got an unexpected keyword argument 'normalize_embeddings'
2025-04-13 13:09:21,036 - ERROR - [process_file] - Error generating embeddings for Krishna_SrJava.pdf: BaseEventLoop.run_in_executor() got an unexpected keyword argument 'normalize_embeddings'
2025-04-13 13:09:21,304 - ERROR - [process_file] - Error generating embeddings for Harish K.pdf: BaseEventLoop.run_in_executor() got an unexpected keyword argument 'normalize_embeddings'
2025-04-13 13:09:21,332 - INFO - [process_all_files] - Total new sentences found: 0
2025-04-13 13:09:21,347 - INFO - [main] - Initializing search components...
2025-04-13 13:09:21,348 - INFO - [fit_tfidf] - Fitting TF-IDF vectorizer for RAGRetriever...
2025-04-13 13:09:21,349 - INFO - [fit] - Fitting TF-IDF for KeywordSearcher...
2025-04-13 13:09:21,353 - WARNING - [fit_tfidf] - No metadata found to fit TF-IDF.
2025-04-13 13:09:21,354 - WARNING - [fit] - No metadata found for KeywordSearcher TF-IDF fitting.
2025-04-13 13:09:21,355 - INFO - [main] - Search components initialized and TF-IDF fitted.
2025-04-13 13:18:08,772 - INFO - [initialize_database] - Database initialized at resume_engine.db
2025-04-13 13:18:08,773 - INFO - [main] - Loading Sentence Transformer model: intfloat/e5-large
2025-04-13 13:18:08,774 - INFO - [__init__] - Load pretrained SentenceTransformer: intfloat/e5-large
2025-04-13 13:18:14,096 - INFO - [__init__] - Use pytorch device_name: cpu
2025-04-13 13:18:14,150 - INFO - [process_all_files] - Found 226 supported files.
2025-04-13 13:18:14,156 - INFO - [process_all_files] - Found 0 existing sentence hashes in DB.
2025-04-13 13:18:15,007 - ERROR - [process_file] - Error generating embeddings for Jagan S Iyer PM.pdf: BaseEventLoop.run_in_executor() got an unexpected keyword argument 'normalize_embeddings'
2025-04-13 13:18:15,246 - ERROR - [process_file] - Error generating embeddings for Ashok Jayakumar - PM.pdf: BaseEventLoop.run_in_executor() got an unexpected keyword argument 'normalize_embeddings'
2025-04-13 13:18:15,520 - ERROR - [process_file] - Error generating embeddings for sairithvik alla.pdf: BaseEventLoop.run_in_executor() got an unexpected keyword argument 'normalize_embeddings'
2025-04-13 13:18:15,733 - ERROR - [process_file] - Error generating embeddings for Naren Sr.BA.pdf: BaseEventLoop.run_in_executor() got an unexpected keyword argument 'normalize_embeddings'
2025-04-13 13:18:15,907 - ERROR - [process_file] - Error generating embeddings for B Shaker-Sr BSA-Scrum Master .pdf: BaseEventLoop.run_in_executor() got an unexpected keyword argument 'normalize_embeddings'
2025-04-13 13:18:16,121 - ERROR - [process_file] - Error generating embeddings for Navneeth Resume.pdf: BaseEventLoop.run_in_executor() got an unexpected keyword argument 'normalize_embeddings'
2025-04-13 13:18:16,435 - ERROR - [process_file] - Error generating embeddings for Dave.pdf: BaseEventLoop.run_in_executor() got an unexpected keyword argument 'normalize_embeddings'
2025-04-13 13:18:16,635 - ERROR - [process_file] - Error generating embeddings for Naresh V.pdf: BaseEventLoop.run_in_executor() got an unexpected keyword argument 'normalize_embeddings'
2025-04-13 13:18:16,856 - ERROR - [process_file] - Error generating embeddings for RaviBurra_Certified PM_DevOps.pdf: BaseEventLoop.run_in_executor() got an unexpected keyword argument 'normalize_embeddings'
2025-04-13 13:18:17,074 - ERROR - [process_file] - Error generating embeddings for Jaya prakash.pdf: BaseEventLoop.run_in_executor() got an unexpected keyword argument 'normalize_embeddings'
2025-04-13 13:18:17,253 - ERROR - [process_file] - Error generating embeddings for V Ashok A.pdf: BaseEventLoop.run_in_executor() got an unexpected keyword argument 'normalize_embeddings'
2025-04-13 13:18:17,484 - ERROR - [process_file] - Error generating embeddings for Sravani Singirikonda.pdf: BaseEventLoop.run_in_executor() got an unexpected keyword argument 'normalize_embeddings'
2025-04-13 13:18:17,709 - ERROR - [process_file] - Error generating embeddings for Ashwini J2EE Developer.pdf: BaseEventLoop.run_in_executor() got an unexpected keyword argument 'normalize_embeddings'
2025-04-13 13:18:17,818 - ERROR - [process_file] - Error generating embeddings for Dantu Padmasri - Project Manager.pdf: BaseEventLoop.run_in_executor() got an unexpected keyword argument 'normalize_embeddings'
2025-04-13 13:18:17,983 - ERROR - [process_file] - Error generating embeddings for madhuri_java.pdf: BaseEventLoop.run_in_executor() got an unexpected keyword argument 'normalize_embeddings'
2025-04-13 13:18:18,222 - ERROR - [process_file] - Error generating embeddings for Saiteja G.pdf: BaseEventLoop.run_in_executor() got an unexpected keyword argument 'normalize_embeddings'
2025-04-13 13:18:18,451 - ERROR - [process_file] - Error generating embeddings for Pranay P.pdf: BaseEventLoop.run_in_executor() got an unexpected keyword argument 'normalize_embeddings'
2025-04-13 13:18:18,557 - ERROR - [process_file] - Error generating embeddings for Sravani Battu.pdf: BaseEventLoop.run_in_executor() got an unexpected keyword argument 'normalize_embeddings'
2025-04-13 13:18:18,691 - ERROR - [process_file] - Error generating embeddings for PM RESUME.pdf: BaseEventLoop.run_in_executor() got an unexpected keyword argument 'normalize_embeddings'
2025-04-13 13:18:18,842 - ERROR - [process_file] - Error generating embeddings for Ravi Pattar- Sr. Agile Program manager.pdf: BaseEventLoop.run_in_executor() got an unexpected keyword argument 'normalize_embeddings'
2025-04-13 13:18:19,030 - ERROR - [process_file] - Error generating embeddings for Ravi Reddy.pdf: BaseEventLoop.run_in_executor() got an unexpected keyword argument 'normalize_embeddings'
2025-04-13 13:18:19,180 - ERROR - [process_file] - Error generating embeddings for Anudeep N_Sr Java Developer.pdf: BaseEventLoop.run_in_executor() got an unexpected keyword argument 'normalize_embeddings'
2025-04-13 13:18:19,409 - ERROR - [process_file] - Error generating embeddings for Yohan BSA.pdf: BaseEventLoop.run_in_executor() got an unexpected keyword argument 'normalize_embeddings'
2025-04-13 13:18:19,649 - ERROR - [process_file] - Error generating embeddings for madhuri R.pdf: BaseEventLoop.run_in_executor() got an unexpected keyword argument 'normalize_embeddings'
2025-04-13 13:18:19,875 - ERROR - [process_file] - Error generating embeddings for Sai Srinivas_Sr_Java_Developer.pdf: BaseEventLoop.run_in_executor() got an unexpected keyword argument 'normalize_embeddings'
2025-04-13 13:18:20,110 - ERROR - [process_file] - Error generating embeddings for Yugesh_Resume.pdf: BaseEventLoop.run_in_executor() got an unexpected keyword argument 'normalize_embeddings'
2025-04-13 13:18:20,279 - ERROR - [process_file] - Error generating embeddings for jagadeesh k.pdf: BaseEventLoop.run_in_executor() got an unexpected keyword argument 'normalize_embeddings'
2025-04-13 13:18:20,457 - ERROR - [process_file] - Error generating embeddings for Ujvala BA Feb 20.pdf: BaseEventLoop.run_in_executor() got an unexpected keyword argument 'normalize_embeddings'
2025-04-13 13:18:20,641 - ERROR - [process_file] - Error generating embeddings for Mahesh_Kamath_PM (1).pdf: BaseEventLoop.run_in_executor() got an unexpected keyword argument 'normalize_embeddings'
2025-04-13 13:18:20,818 - ERROR - [process_file] - Error generating embeddings for Praveen T.pdf: BaseEventLoop.run_in_executor() got an unexpected keyword argument 'normalize_embeddings'
2025-04-13 13:18:20,933 - ERROR - [process_file] - Error generating embeddings for Atul_Mathur_Resume.pdf: BaseEventLoop.run_in_executor() got an unexpected keyword argument 'normalize_embeddings'
2025-04-13 13:18:21,069 - ERROR - [process_file] - Error generating embeddings for Sr. Business Analyst.pdf: BaseEventLoop.run_in_executor() got an unexpected keyword argument 'normalize_embeddings'
2025-04-13 13:18:21,186 - ERROR - [process_file] - Error generating embeddings for Prashant Chawda_resume.pdf: BaseEventLoop.run_in_executor() got an unexpected keyword argument 'normalize_embeddings'
2025-04-13 13:18:21,310 - ERROR - [process_file] - Error generating embeddings for Avathika BA-Healthcare_.pdf: BaseEventLoop.run_in_executor() got an unexpected keyword argument 'normalize_embeddings'
2025-04-13 13:18:21,543 - ERROR - [process_file] - Error generating embeddings for mahesh_Java.pdf: BaseEventLoop.run_in_executor() got an unexpected keyword argument 'normalize_embeddings'
2025-04-13 13:18:21,715 - ERROR - [process_file] - Error generating embeddings for Samir Naik-NJ - Mar 2018-V3.0.pdf: BaseEventLoop.run_in_executor() got an unexpected keyword argument 'normalize_embeddings'
2025-04-13 13:18:21,934 - ERROR - [process_file] - Error generating embeddings for Naveen Kumar Bandela.pdf: BaseEventLoop.run_in_executor() got an unexpected keyword argument 'normalize_embeddings'
2025-04-13 13:18:22,157 - ERROR - [process_file] - Error generating embeddings for Naren Sr.BA .pdf: BaseEventLoop.run_in_executor() got an unexpected keyword argument 'normalize_embeddings'
2025-04-13 13:18:22,293 - ERROR - [process_file] - Error generating embeddings for Madhu_BA_AW.pdf: BaseEventLoop.run_in_executor() got an unexpected keyword argument 'normalize_embeddings'
2025-04-13 13:18:22,422 - ERROR - [process_file] - Error generating embeddings for Samir Naik-NJ - Feb 2018-V6.0.pdf: BaseEventLoop.run_in_executor() got an unexpected keyword argument 'normalize_embeddings'
2025-04-13 13:18:22,624 - ERROR - [process_file] - Error generating embeddings for Deepika Chintalapati.pdf: BaseEventLoop.run_in_executor() got an unexpected keyword argument 'normalize_embeddings'
2025-04-13 13:18:23,142 - ERROR - [process_file] - Error generating embeddings for Pierre John.pdf: BaseEventLoop.run_in_executor() got an unexpected keyword argument 'normalize_embeddings'
2025-04-13 13:18:23,412 - ERROR - [process_file] - Error generating embeddings for Sri Gati.pdf: BaseEventLoop.run_in_executor() got an unexpected keyword argument 'normalize_embeddings'
2025-04-13 13:18:23,617 - ERROR - [process_file] - Error generating embeddings for Naveen Arora.pdf: BaseEventLoop.run_in_executor() got an unexpected keyword argument 'normalize_embeddings'
2025-04-13 13:18:23,809 - ERROR - [process_file] - Error generating embeddings for Jayadattaperi N.pdf: BaseEventLoop.run_in_executor() got an unexpected keyword argument 'normalize_embeddings'
2025-04-13 13:18:23,966 - ERROR - [process_file] - Error generating embeddings for CHETAN_Sr Java Developer.pdf: BaseEventLoop.run_in_executor() got an unexpected keyword argument 'normalize_embeddings'
2025-04-13 13:18:24,228 - ERROR - [process_file] - Error generating embeddings for ravikiran JALASUTRAPU.pdf: BaseEventLoop.run_in_executor() got an unexpected keyword argument 'normalize_embeddings'
2025-04-13 13:18:24,486 - ERROR - [process_file] - Error generating embeddings for Vamshi L.pdf: BaseEventLoop.run_in_executor() got an unexpected keyword argument 'normalize_embeddings'
2025-04-13 13:18:24,665 - ERROR - [process_file] - Error generating embeddings for Utthan Silawal12.pdf: BaseEventLoop.run_in_executor() got an unexpected keyword argument 'normalize_embeddings'
2025-04-13 13:18:24,921 - ERROR - [process_file] - Error generating embeddings for srinivas b.pdf: BaseEventLoop.run_in_executor() got an unexpected keyword argument 'normalize_embeddings'
2025-04-13 13:18:25,532 - ERROR - [process_file] - Error generating embeddings for Venkat_BA.pdf: BaseEventLoop.run_in_executor() got an unexpected keyword argument 'normalize_embeddings'
2025-04-13 13:18:25,748 - ERROR - [process_file] - Error generating embeddings for BA - Navneet.pdf: BaseEventLoop.run_in_executor() got an unexpected keyword argument 'normalize_embeddings'
2025-04-13 13:18:25,998 - ERROR - [process_file] - Error generating embeddings for komal patel.pdf: BaseEventLoop.run_in_executor() got an unexpected keyword argument 'normalize_embeddings'
2025-04-13 13:18:26,233 - ERROR - [process_file] - Error generating embeddings for KIRAN KUMAR.pdf: BaseEventLoop.run_in_executor() got an unexpected keyword argument 'normalize_embeddings'
2025-04-13 13:18:26,408 - ERROR - [process_file] - Error generating embeddings for Resume Vishal PM - MSIS, PMP-PMI.pdf: BaseEventLoop.run_in_executor() got an unexpected keyword argument 'normalize_embeddings'
2025-04-13 13:18:26,669 - ERROR - [process_file] - Error generating embeddings for Nikith Reddy.pdf: BaseEventLoop.run_in_executor() got an unexpected keyword argument 'normalize_embeddings'
2025-04-13 13:18:26,795 - ERROR - [process_file] - Error generating embeddings for Rajendra-PMP-CSM.pdf: BaseEventLoop.run_in_executor() got an unexpected keyword argument 'normalize_embeddings'
2025-04-13 13:18:26,898 - ERROR - [process_file] - Error generating embeddings for Adelina_Erimia_PMP1.pdf: BaseEventLoop.run_in_executor() got an unexpected keyword argument 'normalize_embeddings'
2025-04-13 13:18:26,961 - ERROR - [process_file] - Error generating embeddings for Nilesh-resume_1_phplead.pdf: BaseEventLoop.run_in_executor() got an unexpected keyword argument 'normalize_embeddings'
2025-04-13 13:18:27,065 - ERROR - [process_file] - Error generating embeddings for Nikki_Nimmagadd.pdf: BaseEventLoop.run_in_executor() got an unexpected keyword argument 'normalize_embeddings'
2025-04-13 13:18:27,388 - ERROR - [process_file] - Error generating embeddings for Manohar Reddy.pdf: BaseEventLoop.run_in_executor() got an unexpected keyword argument 'normalize_embeddings'
2025-04-13 13:18:27,568 - ERROR - [process_file] - Error generating embeddings for ram krishna.pdf: BaseEventLoop.run_in_executor() got an unexpected keyword argument 'normalize_embeddings'
2025-04-13 13:18:27,860 - ERROR - [process_file] - Error generating embeddings for SUNITHA Project Manager (1).pdf: BaseEventLoop.run_in_executor() got an unexpected keyword argument 'normalize_embeddings'
2025-04-13 13:18:28,138 - ERROR - [process_file] - Error generating embeddings for Spoorthi Finance BSA Resume.pdf: BaseEventLoop.run_in_executor() got an unexpected keyword argument 'normalize_embeddings'
2025-04-13 13:18:28,298 - ERROR - [process_file] - Error generating embeddings for BA Kiran.pdf: BaseEventLoop.run_in_executor() got an unexpected keyword argument 'normalize_embeddings'
2025-04-13 13:18:28,468 - ERROR - [process_file] - Error generating embeddings for Tanmay_Dam_Resume_BA.pdf: BaseEventLoop.run_in_executor() got an unexpected keyword argument 'normalize_embeddings'
2025-04-13 13:18:28,558 - ERROR - [process_file] - Error generating embeddings for Francis Gomes Resume.pdf: BaseEventLoop.run_in_executor() got an unexpected keyword argument 'normalize_embeddings'
2025-04-13 13:18:28,676 - ERROR - [process_file] - Error generating embeddings for Balakrishna Sudabathula.pdf: BaseEventLoop.run_in_executor() got an unexpected keyword argument 'normalize_embeddings'
2025-04-13 13:18:28,926 - ERROR - [process_file] - Error generating embeddings for Syed_Zia_Ashraf.pdf: BaseEventLoop.run_in_executor() got an unexpected keyword argument 'normalize_embeddings'
2025-04-13 13:18:29,304 - ERROR - [process_file] - Error generating embeddings for Krishna Sr. BSA Resume.pdf: BaseEventLoop.run_in_executor() got an unexpected keyword argument 'normalize_embeddings'
2025-04-13 13:18:29,397 - ERROR - [process_file] - Error generating embeddings for Mohamad Jamil.pdf: BaseEventLoop.run_in_executor() got an unexpected keyword argument 'normalize_embeddings'
2025-04-13 13:18:29,582 - ERROR - [process_file] - Error generating embeddings for Vijay Bhargav.pdf: BaseEventLoop.run_in_executor() got an unexpected keyword argument 'normalize_embeddings'
2025-04-13 13:18:29,819 - ERROR - [process_file] - Error generating embeddings for Satish Uduta.pdf: BaseEventLoop.run_in_executor() got an unexpected keyword argument 'normalize_embeddings'
2025-04-13 13:18:30,088 - ERROR - [process_file] - Error generating embeddings for venu b.pdf: BaseEventLoop.run_in_executor() got an unexpected keyword argument 'normalize_embeddings'
2025-04-13 13:18:30,167 - ERROR - [process_file] - Error generating embeddings for Rajesh_k.pdf: BaseEventLoop.run_in_executor() got an unexpected keyword argument 'normalize_embeddings'
2025-04-13 13:18:30,284 - ERROR - [process_file] - Error generating embeddings for Resume2018March.pdf: BaseEventLoop.run_in_executor() got an unexpected keyword argument 'normalize_embeddings'
2025-04-13 13:18:30,505 - ERROR - [process_file] - Error generating embeddings for Akhil.profile.pdf: BaseEventLoop.run_in_executor() got an unexpected keyword argument 'normalize_embeddings'
2025-04-13 13:18:30,644 - ERROR - [process_file] - Error generating embeddings for Raju Goduguchinta_Technical Program Manager.pdf: BaseEventLoop.run_in_executor() got an unexpected keyword argument 'normalize_embeddings'
2025-04-13 13:18:30,771 - ERROR - [process_file] - Error generating embeddings for Gokul Selvam S PM.pdf: BaseEventLoop.run_in_executor() got an unexpected keyword argument 'normalize_embeddings'
2025-04-13 13:18:31,075 - ERROR - [process_file] - Error generating embeddings for Niteesh Java Developer.pdf: BaseEventLoop.run_in_executor() got an unexpected keyword argument 'normalize_embeddings'
2025-04-13 13:18:31,331 - ERROR - [process_file] - Error generating embeddings for Rohanu Resume.pdf: BaseEventLoop.run_in_executor() got an unexpected keyword argument 'normalize_embeddings'
2025-04-13 13:18:31,565 - ERROR - [process_file] - Error generating embeddings for Krishna Kuruvella.pdf: BaseEventLoop.run_in_executor() got an unexpected keyword argument 'normalize_embeddings'
2025-04-13 13:18:31,745 - ERROR - [process_file] - Error generating embeddings for SAURABH_PM.pdf: BaseEventLoop.run_in_executor() got an unexpected keyword argument 'normalize_embeddings'
2025-04-13 13:18:31,977 - ERROR - [process_file] - Error generating embeddings for Gopi.pdf: BaseEventLoop.run_in_executor() got an unexpected keyword argument 'normalize_embeddings'
2025-04-13 13:18:32,157 - ERROR - [process_file] - Error generating embeddings for BA with INV.pdf: BaseEventLoop.run_in_executor() got an unexpected keyword argument 'normalize_embeddings'
2025-04-13 13:18:32,480 - ERROR - [process_file] - Error generating embeddings for vikas java.pdf: BaseEventLoop.run_in_executor() got an unexpected keyword argument 'normalize_embeddings'
2025-04-13 13:18:32,695 - ERROR - [process_file] - Error generating embeddings for Resume_Spoorti Pandit_BSA.pdf: BaseEventLoop.run_in_executor() got an unexpected keyword argument 'normalize_embeddings'
2025-04-13 13:18:32,805 - ERROR - [process_file] - Error generating embeddings for Gautami Bulusu Mobile Testing 3.pdf: BaseEventLoop.run_in_executor() got an unexpected keyword argument 'normalize_embeddings'
2025-04-13 13:18:33,044 - ERROR - [process_file] - Error generating embeddings for VIJETHA G.pdf: BaseEventLoop.run_in_executor() got an unexpected keyword argument 'normalize_embeddings'
2025-04-13 13:18:33,223 - ERROR - [process_file] - Error generating embeddings for Shaker Resume.pdf: BaseEventLoop.run_in_executor() got an unexpected keyword argument 'normalize_embeddings'
2025-04-13 13:18:33,399 - ERROR - [process_file] - Error generating embeddings for Robinson.pdf: BaseEventLoop.run_in_executor() got an unexpected keyword argument 'normalize_embeddings'
2025-04-13 13:18:33,723 - ERROR - [process_file] - Error generating embeddings for AjayKumar.pdf: BaseEventLoop.run_in_executor() got an unexpected keyword argument 'normalize_embeddings'
2025-04-13 13:18:33,924 - ERROR - [process_file] - Error generating embeddings for Balaji Gopalakrishnan Project Manager.pdf: BaseEventLoop.run_in_executor() got an unexpected keyword argument 'normalize_embeddings'
2025-04-13 13:18:34,103 - ERROR - [process_file] - Error generating embeddings for Adhi Gopalam - SM.pdf: BaseEventLoop.run_in_executor() got an unexpected keyword argument 'normalize_embeddings'
2025-04-13 13:18:34,249 - ERROR - [process_file] - Error generating embeddings for Mitali Barman_Resume.pdf: BaseEventLoop.run_in_executor() got an unexpected keyword argument 'normalize_embeddings'
2025-04-13 13:18:34,594 - ERROR - [process_file] - Error generating embeddings for Komala BSA Resume.pdf: BaseEventLoop.run_in_executor() got an unexpected keyword argument 'normalize_embeddings'
2025-04-13 13:18:34,796 - ERROR - [process_file] - Error generating embeddings for Shail_Tank-Business Analyst .pdf: BaseEventLoop.run_in_executor() got an unexpected keyword argument 'normalize_embeddings'
2025-04-13 13:18:35,149 - ERROR - [process_file] - Error generating embeddings for manohar.B.pdf: BaseEventLoop.run_in_executor() got an unexpected keyword argument 'normalize_embeddings'
2025-04-13 13:18:35,391 - ERROR - [process_file] - Error generating embeddings for Tarun RESUME-BSAT.pdf: BaseEventLoop.run_in_executor() got an unexpected keyword argument 'normalize_embeddings'
2025-04-13 13:18:35,788 - ERROR - [process_file] - Error generating embeddings for nithin katapally.pdf: BaseEventLoop.run_in_executor() got an unexpected keyword argument 'normalize_embeddings'
2025-04-13 13:18:36,492 - ERROR - [process_file] - Error generating embeddings for Akhil_Sr BSA.pdf: BaseEventLoop.run_in_executor() got an unexpected keyword argument 'normalize_embeddings'
2025-04-13 13:18:36,639 - ERROR - [process_file] - Error generating embeddings for Tarun Resume.pdf: BaseEventLoop.run_in_executor() got an unexpected keyword argument 'normalize_embeddings'
2025-04-13 13:18:37,341 - ERROR - [process_file] - Error generating embeddings for Mohammad Resume.pdf: BaseEventLoop.run_in_executor() got an unexpected keyword argument 'normalize_embeddings'
2025-04-13 13:18:37,546 - ERROR - [process_file] - Error generating embeddings for Gururaja Murthy PMCPCSM.pdf: BaseEventLoop.run_in_executor() got an unexpected keyword argument 'normalize_embeddings'
2025-04-13 13:18:37,718 - ERROR - [process_file] - Error generating embeddings for Sharath Java.pdf: BaseEventLoop.run_in_executor() got an unexpected keyword argument 'normalize_embeddings'
2025-04-13 13:18:37,950 - ERROR - [process_file] - Error generating embeddings for Vikash_BA_Ab.pdf: BaseEventLoop.run_in_executor() got an unexpected keyword argument 'normalize_embeddings'
2025-04-13 13:18:38,139 - ERROR - [process_file] - Error generating embeddings for mohid_rj.pdf: BaseEventLoop.run_in_executor() got an unexpected keyword argument 'normalize_embeddings'
2025-04-13 13:18:38,310 - ERROR - [process_file] - Error generating embeddings for Bapuji Hadoop developer.pdf: BaseEventLoop.run_in_executor() got an unexpected keyword argument 'normalize_embeddings'
2025-04-13 13:18:38,546 - ERROR - [process_file] - Error generating embeddings for Alekhya Resume.pdf: BaseEventLoop.run_in_executor() got an unexpected keyword argument 'normalize_embeddings'
2025-04-13 13:18:38,685 - ERROR - [process_file] - Error generating embeddings for Bharat Arora_CV_PMP _ ERP1.pdf: BaseEventLoop.run_in_executor() got an unexpected keyword argument 'normalize_embeddings'
2025-04-13 13:18:38,859 - ERROR - [process_file] - Error generating embeddings for Haarika_BA.pdf: BaseEventLoop.run_in_executor() got an unexpected keyword argument 'normalize_embeddings'
2025-04-13 13:18:38,984 - ERROR - [process_file] - Error generating embeddings for Shashank.pdf: BaseEventLoop.run_in_executor() got an unexpected keyword argument 'normalize_embeddings'
2025-04-13 13:18:39,447 - ERROR - [process_file] - Error generating embeddings for Ramachandra EDA.pdf: BaseEventLoop.run_in_executor() got an unexpected keyword argument 'normalize_embeddings'
2025-04-13 13:18:39,599 - ERROR - [process_file] - Error generating embeddings for Othman - Project Manager.pdf: BaseEventLoop.run_in_executor() got an unexpected keyword argument 'normalize_embeddings'
2025-04-13 13:18:39,807 - ERROR - [process_file] - Error generating embeddings for Harika_java.pdf: BaseEventLoop.run_in_executor() got an unexpected keyword argument 'normalize_embeddings'
2025-04-13 13:18:40,132 - ERROR - [process_file] - Error generating embeddings for Tarun.pdf: BaseEventLoop.run_in_executor() got an unexpected keyword argument 'normalize_embeddings'
2025-04-13 13:18:40,487 - ERROR - [process_file] - Error generating embeddings for Krishna_BSA.pdf: BaseEventLoop.run_in_executor() got an unexpected keyword argument 'normalize_embeddings'
2025-04-13 13:18:40,628 - ERROR - [process_file] - Error generating embeddings for ParthMPatel_BA.pdf: BaseEventLoop.run_in_executor() got an unexpected keyword argument 'normalize_embeddings'
2025-04-13 13:18:40,956 - ERROR - [process_file] - Error generating embeddings for nithin Reddy.pdf: BaseEventLoop.run_in_executor() got an unexpected keyword argument 'normalize_embeddings'
2025-04-13 13:18:41,155 - ERROR - [process_file] - Error generating embeddings for Shelly Woods.pdf: BaseEventLoop.run_in_executor() got an unexpected keyword argument 'normalize_embeddings'
2025-04-13 13:18:41,381 - ERROR - [process_file] - Error generating embeddings for Vinay.D_Resume.pdf: BaseEventLoop.run_in_executor() got an unexpected keyword argument 'normalize_embeddings'
2025-04-13 13:18:41,555 - ERROR - [process_file] - Error generating embeddings for Krishnapriya_BA.pdf: BaseEventLoop.run_in_executor() got an unexpected keyword argument 'normalize_embeddings'
2025-04-13 13:18:41,699 - ERROR - [process_file] - Error generating embeddings for Vishal S..pdf: BaseEventLoop.run_in_executor() got an unexpected keyword argument 'normalize_embeddings'
2025-04-13 13:18:41,856 - ERROR - [process_file] - Error generating embeddings for Amrinder Business Analyst.pdf: BaseEventLoop.run_in_executor() got an unexpected keyword argument 'normalize_embeddings'
2025-04-13 13:18:42,045 - ERROR - [process_file] - Error generating embeddings for Mounika health care resume.pdf: BaseEventLoop.run_in_executor() got an unexpected keyword argument 'normalize_embeddings'
2025-04-13 13:18:42,312 - ERROR - [process_file] - Error generating embeddings for MounikaReddy.pdf: BaseEventLoop.run_in_executor() got an unexpected keyword argument 'normalize_embeddings'
2025-04-13 13:18:42,486 - ERROR - [process_file] - Error generating embeddings for Vishnu BA Resume.pdf: BaseEventLoop.run_in_executor() got an unexpected keyword argument 'normalize_embeddings'
2025-04-13 13:18:42,780 - ERROR - [process_file] - Error generating embeddings for Tarun_Developer.pdf: BaseEventLoop.run_in_executor() got an unexpected keyword argument 'normalize_embeddings'
2025-04-13 13:18:43,031 - ERROR - [process_file] - Error generating embeddings for Amar Sr BSA.pdf: BaseEventLoop.run_in_executor() got an unexpected keyword argument 'normalize_embeddings'
2025-04-13 13:18:43,294 - ERROR - [process_file] - Error generating embeddings for Shiuli Mahmud.pdf: BaseEventLoop.run_in_executor() got an unexpected keyword argument 'normalize_embeddings'
2025-04-13 13:18:43,473 - ERROR - [process_file] - Error generating embeddings for TeresaNeetipudi IT BA.pdf: BaseEventLoop.run_in_executor() got an unexpected keyword argument 'normalize_embeddings'
2025-04-13 13:18:43,623 - ERROR - [process_file] - Error generating embeddings for Bharatha BA Resume.pdf: BaseEventLoop.run_in_executor() got an unexpected keyword argument 'normalize_embeddings'
2025-04-13 13:18:43,843 - ERROR - [process_file] - Error generating embeddings for Kumar Raj.pdf: BaseEventLoop.run_in_executor() got an unexpected keyword argument 'normalize_embeddings'
2025-04-13 13:18:44,066 - ERROR - [process_file] - Error generating embeddings for mounika BA resume 7.pdf: BaseEventLoop.run_in_executor() got an unexpected keyword argument 'normalize_embeddings'
2025-04-13 13:18:44,446 - ERROR - [process_file] - Error generating embeddings for Pankaj BSA.pdf: BaseEventLoop.run_in_executor() got an unexpected keyword argument 'normalize_embeddings'
2025-04-13 13:18:44,674 - ERROR - [process_file] - Error generating embeddings for Sahithi K.pdf: BaseEventLoop.run_in_executor() got an unexpected keyword argument 'normalize_embeddings'
2025-04-13 13:18:45,415 - ERROR - [process_file] - Error generating embeddings for Nandini_Resume.pdf: BaseEventLoop.run_in_executor() got an unexpected keyword argument 'normalize_embeddings'
2025-04-13 13:18:45,670 - ERROR - [process_file] - Error generating embeddings for ram nandyala.pdf: BaseEventLoop.run_in_executor() got an unexpected keyword argument 'normalize_embeddings'
2025-04-13 13:18:45,799 - ERROR - [process_file] - Error generating embeddings for RAMYA BUSINESS ANALYST RESUME.pdf: BaseEventLoop.run_in_executor() got an unexpected keyword argument 'normalize_embeddings'
2025-04-13 13:18:46,060 - ERROR - [process_file] - Error generating embeddings for Krishna_SrJava.pdf: BaseEventLoop.run_in_executor() got an unexpected keyword argument 'normalize_embeddings'
2025-04-13 13:18:46,254 - ERROR - [process_file] - Error generating embeddings for harish S.pdf: BaseEventLoop.run_in_executor() got an unexpected keyword argument 'normalize_embeddings'
2025-04-13 13:18:46,502 - ERROR - [process_file] - Error generating embeddings for Sahas BA Resume.pdf: BaseEventLoop.run_in_executor() got an unexpected keyword argument 'normalize_embeddings'
2025-04-13 13:18:46,672 - ERROR - [process_file] - Error generating embeddings for Brahma-Resume (BA).pdf: BaseEventLoop.run_in_executor() got an unexpected keyword argument 'normalize_embeddings'
2025-04-13 13:18:46,818 - ERROR - [process_file] - Error generating embeddings for Tejaswi-resume.pdf: BaseEventLoop.run_in_executor() got an unexpected keyword argument 'normalize_embeddings'
2025-04-13 13:18:47,033 - ERROR - [process_file] - Error generating embeddings for ronith s.pdf: BaseEventLoop.run_in_executor() got an unexpected keyword argument 'normalize_embeddings'
2025-04-13 13:18:47,297 - ERROR - [process_file] - Error generating embeddings for sai k.pdf: BaseEventLoop.run_in_executor() got an unexpected keyword argument 'normalize_embeddings'
2025-04-13 13:18:47,507 - ERROR - [process_file] - Error generating embeddings for Ramteja Motupalli.pdf: BaseEventLoop.run_in_executor() got an unexpected keyword argument 'normalize_embeddings'
2025-04-13 13:18:47,912 - ERROR - [process_file] - Error generating embeddings for AnilAgarwal.pdf: BaseEventLoop.run_in_executor() got an unexpected keyword argument 'normalize_embeddings'
2025-04-13 13:18:48,185 - ERROR - [process_file] - Error generating embeddings for Ami Jape.pdf: BaseEventLoop.run_in_executor() got an unexpected keyword argument 'normalize_embeddings'
2025-04-13 13:18:48,449 - ERROR - [process_file] - Error generating embeddings for Harish K.pdf: BaseEventLoop.run_in_executor() got an unexpected keyword argument 'normalize_embeddings'
2025-04-13 13:18:48,865 - ERROR - [process_file] - Error generating embeddings for Resume - PM Agile-Scrum.pdf: BaseEventLoop.run_in_executor() got an unexpected keyword argument 'normalize_embeddings'
2025-04-13 13:18:48,995 - ERROR - [process_file] - Error generating embeddings for Jimi_Desai_PM.pdf: BaseEventLoop.run_in_executor() got an unexpected keyword argument 'normalize_embeddings'
2025-04-13 13:18:49,062 - ERROR - [process_file] - Error generating embeddings for Jennifer  M. Conte.pdf: BaseEventLoop.run_in_executor() got an unexpected keyword argument 'normalize_embeddings'
2025-04-13 13:18:49,192 - ERROR - [process_file] - Error generating embeddings for Dhanalaxmi -BA.pdf: BaseEventLoop.run_in_executor() got an unexpected keyword argument 'normalize_embeddings'
2025-04-13 13:18:49,332 - ERROR - [process_file] - Error generating embeddings for RaviRaju_Resume.pdf: BaseEventLoop.run_in_executor() got an unexpected keyword argument 'normalize_embeddings'
2025-04-13 13:18:49,555 - ERROR - [process_file] - Error generating embeddings for Reddemma_Lankipalle.pdf: BaseEventLoop.run_in_executor() got an unexpected keyword argument 'normalize_embeddings'
2025-04-13 13:18:49,735 - ERROR - [process_file] - Error generating embeddings for Santosh Arugula BA.pdf: BaseEventLoop.run_in_executor() got an unexpected keyword argument 'normalize_embeddings'
2025-04-13 13:18:50,011 - ERROR - [process_file] - Error generating embeddings for kalyan das.pdf: BaseEventLoop.run_in_executor() got an unexpected keyword argument 'normalize_embeddings'
2025-04-13 13:18:50,307 - ERROR - [process_file] - Error generating embeddings for Priyanka Sr BSA Resume.pdf: BaseEventLoop.run_in_executor() got an unexpected keyword argument 'normalize_embeddings'
2025-04-13 13:18:50,546 - ERROR - [process_file] - Error generating embeddings for Varun.pdf: BaseEventLoop.run_in_executor() got an unexpected keyword argument 'normalize_embeddings'
2025-04-13 13:18:50,789 - ERROR - [process_file] - Error generating embeddings for Sarath M.pdf: BaseEventLoop.run_in_executor() got an unexpected keyword argument 'normalize_embeddings'
2025-04-13 13:18:51,048 - ERROR - [process_file] - Error generating embeddings for avinash G.pdf: BaseEventLoop.run_in_executor() got an unexpected keyword argument 'normalize_embeddings'
2025-04-13 13:18:51,248 - ERROR - [process_file] - Error generating embeddings for Resume - Kishore Kotapati - 218E - BA.pdf: BaseEventLoop.run_in_executor() got an unexpected keyword argument 'normalize_embeddings'
2025-04-13 13:18:51,488 - ERROR - [process_file] - Error generating embeddings for Naveen.S_Resume.pdf: BaseEventLoop.run_in_executor() got an unexpected keyword argument 'normalize_embeddings'
2025-04-13 13:18:51,795 - ERROR - [process_file] - Error generating embeddings for vema reddy.pdf: BaseEventLoop.run_in_executor() got an unexpected keyword argument 'normalize_embeddings'
2025-04-13 13:18:51,938 - ERROR - [process_file] - Error generating embeddings for B Suresh Kumar_Project Manager_1.pdf: BaseEventLoop.run_in_executor() got an unexpected keyword argument 'normalize_embeddings'
2025-04-13 13:18:52,163 - ERROR - [process_file] - Error generating embeddings for Vivek.BSA.pdf: BaseEventLoop.run_in_executor() got an unexpected keyword argument 'normalize_embeddings'
2025-04-13 13:18:52,370 - ERROR - [process_file] - Error generating embeddings for Neha Mugghala.pdf: BaseEventLoop.run_in_executor() got an unexpected keyword argument 'normalize_embeddings'
2025-04-13 13:18:52,601 - ERROR - [process_file] - Error generating embeddings for Sudhakar Reddy.pdf: BaseEventLoop.run_in_executor() got an unexpected keyword argument 'normalize_embeddings'
2025-04-13 13:18:52,939 - ERROR - [process_file] - Error generating embeddings for Srivatsan_Project_Manager.pdf: BaseEventLoop.run_in_executor() got an unexpected keyword argument 'normalize_embeddings'
2025-04-13 13:18:53,188 - ERROR - [process_file] - Error generating embeddings for chenna kesava.pdf: BaseEventLoop.run_in_executor() got an unexpected keyword argument 'normalize_embeddings'
2025-04-13 13:18:53,457 - ERROR - [process_file] - Error generating embeddings for Priya B.pdf: BaseEventLoop.run_in_executor() got an unexpected keyword argument 'normalize_embeddings'
2025-04-13 13:18:53,668 - ERROR - [process_file] - Error generating embeddings for Rashmitha R.pdf: BaseEventLoop.run_in_executor() got an unexpected keyword argument 'normalize_embeddings'
2025-04-13 13:18:54,024 - ERROR - [process_file] - Error generating embeddings for Sumanth Manne Java Developer.pdf: BaseEventLoop.run_in_executor() got an unexpected keyword argument 'normalize_embeddings'
2025-04-13 13:18:54,149 - ERROR - [process_file] - Error generating embeddings for SaravanaKumar.pdf: BaseEventLoop.run_in_executor() got an unexpected keyword argument 'normalize_embeddings'
2025-04-13 13:18:54,416 - ERROR - [process_file] - Error generating embeddings for Randy Adams.pdf: BaseEventLoop.run_in_executor() got an unexpected keyword argument 'normalize_embeddings'
2025-04-13 13:18:55,009 - ERROR - [process_file] - Error generating embeddings for Satish Reddy.pdf: BaseEventLoop.run_in_executor() got an unexpected keyword argument 'normalize_embeddings'
2025-04-13 13:18:55,230 - ERROR - [process_file] - Error generating embeddings for Venkata_Sr.PHP_Developer.pdf: BaseEventLoop.run_in_executor() got an unexpected keyword argument 'normalize_embeddings'
2025-04-13 13:18:55,369 - ERROR - [process_file] - Error generating embeddings for Priya_Sharma.pdf: BaseEventLoop.run_in_executor() got an unexpected keyword argument 'normalize_embeddings'
2025-04-13 13:18:55,398 - ERROR - [process_file] - Error generating embeddings for employer_mounika details.pdf: BaseEventLoop.run_in_executor() got an unexpected keyword argument 'normalize_embeddings'
2025-04-13 13:18:55,886 - ERROR - [process_file] - Error generating embeddings for manish_singh_resume.pdf: BaseEventLoop.run_in_executor() got an unexpected keyword argument 'normalize_embeddings'
2025-04-13 13:18:56,106 - ERROR - [process_file] - Error generating embeddings for Shiva G-Java Resume.pdf: BaseEventLoop.run_in_executor() got an unexpected keyword argument 'normalize_embeddings'
2025-04-13 13:18:56,351 - ERROR - [process_file] - Error generating embeddings for BA - Abhishek.pdf: BaseEventLoop.run_in_executor() got an unexpected keyword argument 'normalize_embeddings'
2025-04-13 13:18:56,569 - ERROR - [process_file] - Error generating embeddings for Manikanta P.pdf: BaseEventLoop.run_in_executor() got an unexpected keyword argument 'normalize_embeddings'
2025-04-13 13:18:56,749 - ERROR - [process_file] - Error generating embeddings for Resume - Sr PM.pdf: BaseEventLoop.run_in_executor() got an unexpected keyword argument 'normalize_embeddings'
2025-04-13 13:18:56,915 - ERROR - [process_file] - Error generating embeddings for Abiral_Pandey_Fullstack_Java.pdf: BaseEventLoop.run_in_executor() got an unexpected keyword argument 'normalize_embeddings'
2025-04-13 13:18:57,151 - ERROR - [process_file] - Error generating embeddings for Mani_Hadoop.pdf: BaseEventLoop.run_in_executor() got an unexpected keyword argument 'normalize_embeddings'
2025-04-13 13:18:57,489 - ERROR - [process_file] - Error generating embeddings for Sundar_Java_8+ Years..pdf: BaseEventLoop.run_in_executor() got an unexpected keyword argument 'normalize_embeddings'
2025-04-13 13:18:57,701 - ERROR - [process_file] - Error generating embeddings for Deepika DC.pdf: BaseEventLoop.run_in_executor() got an unexpected keyword argument 'normalize_embeddings'
2025-04-13 13:18:57,886 - ERROR - [process_file] - Error generating embeddings for Madhuri Pawar.pdf: BaseEventLoop.run_in_executor() got an unexpected keyword argument 'normalize_embeddings'
2025-04-13 13:18:58,134 - ERROR - [process_file] - Error generating embeddings for sanjay kumar.pdf: BaseEventLoop.run_in_executor() got an unexpected keyword argument 'normalize_embeddings'
2025-04-13 13:18:58,402 - ERROR - [process_file] - Error generating embeddings for Varun Kumar.pdf: BaseEventLoop.run_in_executor() got an unexpected keyword argument 'normalize_embeddings'
2025-04-13 13:18:58,638 - ERROR - [process_file] - Error generating embeddings for jeck P.pdf: BaseEventLoop.run_in_executor() got an unexpected keyword argument 'normalize_embeddings'
2025-04-13 13:18:58,793 - ERROR - [process_file] - Error generating embeddings for Vamshi Teja_Business Analyst.pdf: BaseEventLoop.run_in_executor() got an unexpected keyword argument 'normalize_embeddings'
2025-04-13 13:18:58,931 - ERROR - [process_file] - Error generating embeddings for Raja Santhosam_PM Scrum Master.pdf: BaseEventLoop.run_in_executor() got an unexpected keyword argument 'normalize_embeddings'
2025-04-13 13:18:59,135 - ERROR - [process_file] - Error generating embeddings for Drakshajavauidev.pdf: BaseEventLoop.run_in_executor() got an unexpected keyword argument 'normalize_embeddings'
2025-04-13 13:18:59,306 - ERROR - [process_file] - Error generating embeddings for Manohar B.pdf: BaseEventLoop.run_in_executor() got an unexpected keyword argument 'normalize_embeddings'
2025-04-13 13:18:59,593 - ERROR - [process_file] - Error generating embeddings for Praveen B.pdf: BaseEventLoop.run_in_executor() got an unexpected keyword argument 'normalize_embeddings'
2025-04-13 13:18:59,877 - ERROR - [process_file] - Error generating embeddings for Nikhil.pdf: BaseEventLoop.run_in_executor() got an unexpected keyword argument 'normalize_embeddings'
2025-04-13 13:19:00,119 - ERROR - [process_file] - Error generating embeddings for Achyuth Resume_8.pdf: BaseEventLoop.run_in_executor() got an unexpected keyword argument 'normalize_embeddings'
2025-04-13 13:19:00,414 - ERROR - [process_file] - Error generating embeddings for Kashyap K. Vora resume.pdf: BaseEventLoop.run_in_executor() got an unexpected keyword argument 'normalize_embeddings'
2025-04-13 13:19:00,582 - ERROR - [process_file] - Error generating embeddings for Kuppurajbabu_BA.pdf: BaseEventLoop.run_in_executor() got an unexpected keyword argument 'normalize_embeddings'
2025-04-13 13:19:00,704 - ERROR - [process_file] - Error generating embeddings for Sai Krishna BA.pdf: BaseEventLoop.run_in_executor() got an unexpected keyword argument 'normalize_embeddings'
2025-04-13 13:19:00,861 - ERROR - [process_file] - Error generating embeddings for Uday_Maripelly.pdf: BaseEventLoop.run_in_executor() got an unexpected keyword argument 'normalize_embeddings'
2025-04-13 13:19:01,049 - ERROR - [process_file] - Error generating embeddings for Vishnu J.pdf: BaseEventLoop.run_in_executor() got an unexpected keyword argument 'normalize_embeddings'
2025-04-13 13:19:01,157 - ERROR - [process_file] - Error generating embeddings for Vivek Joshi_CV.pdf: BaseEventLoop.run_in_executor() got an unexpected keyword argument 'normalize_embeddings'
2025-04-13 13:19:01,388 - ERROR - [process_file] - Error generating embeddings for Tushar Patel.pdf: BaseEventLoop.run_in_executor() got an unexpected keyword argument 'normalize_embeddings'
2025-04-13 13:19:01,575 - ERROR - [process_file] - Error generating embeddings for Pavan Sr Business Analyst resume.pdf: BaseEventLoop.run_in_executor() got an unexpected keyword argument 'normalize_embeddings'
2025-04-13 13:19:01,726 - ERROR - [process_file] - Error generating embeddings for HARI_Sr.Java Developer.pdf: BaseEventLoop.run_in_executor() got an unexpected keyword argument 'normalize_embeddings'
2025-04-13 13:19:01,937 - ERROR - [process_file] - Error generating embeddings for indrakaran soma.pdf: BaseEventLoop.run_in_executor() got an unexpected keyword argument 'normalize_embeddings'
2025-04-13 13:19:02,080 - ERROR - [process_file] - Error generating embeddings for Chandler_BA.pdf: BaseEventLoop.run_in_executor() got an unexpected keyword argument 'normalize_embeddings'
2025-04-13 13:19:02,323 - ERROR - [process_file] - Error generating embeddings for Amulya Komatineni.pdf: BaseEventLoop.run_in_executor() got an unexpected keyword argument 'normalize_embeddings'
2025-04-13 13:19:02,514 - ERROR - [process_file] - Error generating embeddings for Harshitha Challa.pdf: BaseEventLoop.run_in_executor() got an unexpected keyword argument 'normalize_embeddings'
2025-04-13 13:19:02,675 - ERROR - [process_file] - Error generating embeddings for KY BA PM UPDATED RESUME .pdf: BaseEventLoop.run_in_executor() got an unexpected keyword argument 'normalize_embeddings'
2025-04-13 13:19:02,840 - ERROR - [process_file] - Error generating embeddings for Sai kumar.pdf: BaseEventLoop.run_in_executor() got an unexpected keyword argument 'normalize_embeddings'
2025-04-13 13:19:03,139 - ERROR - [process_file] - Error generating embeddings for Pavan Kumar Full Stack Java Developer.pdf: BaseEventLoop.run_in_executor() got an unexpected keyword argument 'normalize_embeddings'
2025-04-13 13:19:03,395 - ERROR - [process_file] - Error generating embeddings for Sougandh_Java Fullstack Developer.pdf: BaseEventLoop.run_in_executor() got an unexpected keyword argument 'normalize_embeddings'
2025-04-13 13:19:03,682 - ERROR - [process_file] - Error generating embeddings for Anil Krishna Mogalaturthi.pdf: BaseEventLoop.run_in_executor() got an unexpected keyword argument 'normalize_embeddings'
2025-04-13 13:19:03,975 - ERROR - [process_file] - Error generating embeddings for Ranjan_Project Manager-Scrum Master.pdf: BaseEventLoop.run_in_executor() got an unexpected keyword argument 'normalize_embeddings'
2025-04-13 13:19:04,088 - ERROR - [process_file] - Error generating embeddings for Mounika_P.pdf: BaseEventLoop.run_in_executor() got an unexpected keyword argument 'normalize_embeddings'
2025-04-13 13:19:04,261 - ERROR - [process_file] - Error generating embeddings for Business Analyst_GHyma.pdf: BaseEventLoop.run_in_executor() got an unexpected keyword argument 'normalize_embeddings'
2025-04-13 13:19:04,394 - ERROR - [process_file] - Error generating embeddings for Smita Kamble_Resume.pdf: BaseEventLoop.run_in_executor() got an unexpected keyword argument 'normalize_embeddings'
2025-04-13 13:19:04,634 - ERROR - [process_file] - Error generating embeddings for Rao_Java.pdf: BaseEventLoop.run_in_executor() got an unexpected keyword argument 'normalize_embeddings'
2025-04-13 13:19:04,967 - ERROR - [process_file] - Error generating embeddings for Murali_Project Manager QA.pdf: BaseEventLoop.run_in_executor() got an unexpected keyword argument 'normalize_embeddings'
2025-04-13 13:19:05,006 - INFO - [process_all_files] - Total new sentences found: 0
2025-04-13 13:19:05,051 - INFO - [main] - Initializing search components...
2025-04-13 13:19:05,052 - INFO - [fit_tfidf] - Fitting TF-IDF vectorizer for RAGRetriever...
2025-04-13 13:19:05,053 - INFO - [fit] - Fitting TF-IDF for KeywordSearcher...
2025-04-13 13:19:05,056 - WARNING - [fit_tfidf] - No metadata found to fit TF-IDF.
2025-04-13 13:19:05,058 - WARNING - [fit] - No metadata found for KeywordSearcher TF-IDF fitting.
2025-04-13 13:19:05,058 - INFO - [main] - Search components initialized and TF-IDF fitted.
2025-04-13 13:20:26,775 - INFO - [initialize_database] - Database initialized at resume_engine.db
2025-04-13 13:20:26,776 - INFO - [main] - Loading Sentence Transformer model: intfloat/e5-large
2025-04-13 13:20:26,776 - INFO - [__init__] - Load pretrained SentenceTransformer: intfloat/e5-large
2025-04-13 13:20:32,901 - INFO - [__init__] - Use pytorch device_name: cpu
2025-04-13 13:20:32,959 - INFO - [process_all_files] - Found 226 supported files.
2025-04-13 13:20:32,964 - INFO - [process_all_files] - Found 0 existing sentence hashes in DB.
2025-04-13 13:20:33,851 - ERROR - [process_file] - Error generating embeddings for Utthan Silawal12.pdf: BaseEventLoop.run_in_executor() got an unexpected keyword argument 'normalize_embeddings'
2025-04-13 13:20:34,098 - ERROR - [process_file] - Error generating embeddings for Naren Sr.BA.pdf: BaseEventLoop.run_in_executor() got an unexpected keyword argument 'normalize_embeddings'
2025-04-13 13:20:34,228 - ERROR - [process_file] - Error generating embeddings for Prashant Chawda_resume.pdf: BaseEventLoop.run_in_executor() got an unexpected keyword argument 'normalize_embeddings'
2025-04-13 13:20:34,490 - ERROR - [process_file] - Error generating embeddings for sairithvik alla.pdf: BaseEventLoop.run_in_executor() got an unexpected keyword argument 'normalize_embeddings'
2025-04-13 13:20:34,621 - ERROR - [process_file] - Error generating embeddings for Jagan S Iyer PM.pdf: BaseEventLoop.run_in_executor() got an unexpected keyword argument 'normalize_embeddings'
2025-04-13 13:20:34,812 - ERROR - [process_file] - Error generating embeddings for Rashmitha R.pdf: BaseEventLoop.run_in_executor() got an unexpected keyword argument 'normalize_embeddings'
2025-04-13 13:20:35,032 - ERROR - [process_file] - Error generating embeddings for Ashok Jayakumar - PM.pdf: BaseEventLoop.run_in_executor() got an unexpected keyword argument 'normalize_embeddings'
2025-04-13 13:20:35,265 - ERROR - [process_file] - Error generating embeddings for Varun.pdf: BaseEventLoop.run_in_executor() got an unexpected keyword argument 'normalize_embeddings'
2025-04-13 13:20:35,588 - ERROR - [process_file] - Error generating embeddings for Pranay P.pdf: BaseEventLoop.run_in_executor() got an unexpected keyword argument 'normalize_embeddings'
2025-04-13 13:20:35,768 - ERROR - [process_file] - Error generating embeddings for V Ashok A.pdf: BaseEventLoop.run_in_executor() got an unexpected keyword argument 'normalize_embeddings'
2025-04-13 13:20:35,985 - ERROR - [process_file] - Error generating embeddings for RaviBurra_Certified PM_DevOps.pdf: BaseEventLoop.run_in_executor() got an unexpected keyword argument 'normalize_embeddings'
2025-04-13 13:20:36,247 - ERROR - [process_file] - Error generating embeddings for Priya B.pdf: BaseEventLoop.run_in_executor() got an unexpected keyword argument 'normalize_embeddings'
2025-04-13 13:20:36,357 - ERROR - [process_file] - Error generating embeddings for Dantu Padmasri - Project Manager.pdf: BaseEventLoop.run_in_executor() got an unexpected keyword argument 'normalize_embeddings'
2025-04-13 13:20:36,436 - ERROR - [process_file] - Error generating embeddings for Sravani Battu.pdf: BaseEventLoop.run_in_executor() got an unexpected keyword argument 'normalize_embeddings'
2025-04-13 13:20:36,588 - ERROR - [process_file] - Error generating embeddings for PM RESUME.pdf: BaseEventLoop.run_in_executor() got an unexpected keyword argument 'normalize_embeddings'
2025-04-13 13:20:36,766 - ERROR - [process_file] - Error generating embeddings for Ravi Reddy.pdf: BaseEventLoop.run_in_executor() got an unexpected keyword argument 'normalize_embeddings'
2025-04-13 13:20:36,991 - ERROR - [process_file] - Error generating embeddings for Saiteja G.pdf: BaseEventLoop.run_in_executor() got an unexpected keyword argument 'normalize_embeddings'
2025-04-13 13:20:37,153 - ERROR - [process_file] - Error generating embeddings for Sr. Business Analyst.pdf: BaseEventLoop.run_in_executor() got an unexpected keyword argument 'normalize_embeddings'
2025-04-13 13:20:37,309 - ERROR - [process_file] - Error generating embeddings for CHETAN_Sr Java Developer.pdf: BaseEventLoop.run_in_executor() got an unexpected keyword argument 'normalize_embeddings'
2025-04-13 13:20:37,534 - ERROR - [process_file] - Error generating embeddings for Yugesh_Resume.pdf: BaseEventLoop.run_in_executor() got an unexpected keyword argument 'normalize_embeddings'
2025-04-13 13:20:37,771 - ERROR - [process_file] - Error generating embeddings for madhuri R.pdf: BaseEventLoop.run_in_executor() got an unexpected keyword argument 'normalize_embeddings'
2025-04-13 13:20:37,927 - ERROR - [process_file] - Error generating embeddings for Anudeep N_Sr Java Developer.pdf: BaseEventLoop.run_in_executor() got an unexpected keyword argument 'normalize_embeddings'
2025-04-13 13:20:38,085 - ERROR - [process_file] - Error generating embeddings for Ravi Pattar- Sr. Agile Program manager.pdf: BaseEventLoop.run_in_executor() got an unexpected keyword argument 'normalize_embeddings'
2025-04-13 13:20:38,312 - ERROR - [process_file] - Error generating embeddings for Yohan BSA.pdf: BaseEventLoop.run_in_executor() got an unexpected keyword argument 'normalize_embeddings'
2025-04-13 13:20:38,536 - ERROR - [process_file] - Error generating embeddings for Naren Sr.BA .pdf: BaseEventLoop.run_in_executor() got an unexpected keyword argument 'normalize_embeddings'
2025-04-13 13:20:38,730 - ERROR - [process_file] - Error generating embeddings for Jayadattaperi N.pdf: BaseEventLoop.run_in_executor() got an unexpected keyword argument 'normalize_embeddings'
2025-04-13 13:20:38,925 - ERROR - [process_file] - Error generating embeddings for Naveen Arora.pdf: BaseEventLoop.run_in_executor() got an unexpected keyword argument 'normalize_embeddings'
2025-04-13 13:20:39,093 - ERROR - [process_file] - Error generating embeddings for jagadeesh k.pdf: BaseEventLoop.run_in_executor() got an unexpected keyword argument 'normalize_embeddings'
2025-04-13 13:20:39,257 - ERROR - [process_file] - Error generating embeddings for Samir Naik-NJ - Feb 2018-V6.0.pdf: BaseEventLoop.run_in_executor() got an unexpected keyword argument 'normalize_embeddings'
2025-04-13 13:20:39,427 - ERROR - [process_file] - Error generating embeddings for Ujvala BA Feb 20.pdf: BaseEventLoop.run_in_executor() got an unexpected keyword argument 'normalize_embeddings'
2025-04-13 13:20:39,719 - ERROR - [process_file] - Error generating embeddings for Dave.pdf: BaseEventLoop.run_in_executor() got an unexpected keyword argument 'normalize_embeddings'
2025-04-13 13:20:39,946 - ERROR - [process_file] - Error generating embeddings for Vivek.BSA.pdf: BaseEventLoop.run_in_executor() got an unexpected keyword argument 'normalize_embeddings'
2025-04-13 13:20:40,059 - ERROR - [process_file] - Error generating embeddings for Atul_Mathur_Resume.pdf: BaseEventLoop.run_in_executor() got an unexpected keyword argument 'normalize_embeddings'
2025-04-13 13:20:40,212 - ERROR - [process_file] - Error generating embeddings for Naresh V.pdf: BaseEventLoop.run_in_executor() got an unexpected keyword argument 'normalize_embeddings'
2025-04-13 13:20:40,345 - ERROR - [process_file] - Error generating embeddings for Madhu_BA_AW.pdf: BaseEventLoop.run_in_executor() got an unexpected keyword argument 'normalize_embeddings'
2025-04-13 13:20:40,551 - ERROR - [process_file] - Error generating embeddings for Ashwini J2EE Developer.pdf: BaseEventLoop.run_in_executor() got an unexpected keyword argument 'normalize_embeddings'
2025-04-13 13:20:40,753 - ERROR - [process_file] - Error generating embeddings for madhuri_java.pdf: BaseEventLoop.run_in_executor() got an unexpected keyword argument 'normalize_embeddings'
2025-04-13 13:20:40,984 - ERROR - [process_file] - Error generating embeddings for Sai Srinivas_Sr_Java_Developer.pdf: BaseEventLoop.run_in_executor() got an unexpected keyword argument 'normalize_embeddings'
2025-04-13 13:20:41,150 - ERROR - [process_file] - Error generating embeddings for Avathika BA-Healthcare_.pdf: BaseEventLoop.run_in_executor() got an unexpected keyword argument 'normalize_embeddings'
2025-04-13 13:20:41,386 - ERROR - [process_file] - Error generating embeddings for Vamshi L.pdf: BaseEventLoop.run_in_executor() got an unexpected keyword argument 'normalize_embeddings'
2025-04-13 13:20:41,650 - ERROR - [process_file] - Error generating embeddings for ravikiran JALASUTRAPU.pdf: BaseEventLoop.run_in_executor() got an unexpected keyword argument 'normalize_embeddings'
2025-04-13 13:20:41,863 - ERROR - [process_file] - Error generating embeddings for Deepika DC.pdf: BaseEventLoop.run_in_executor() got an unexpected keyword argument 'normalize_embeddings'
2025-04-13 13:20:42,082 - ERROR - [process_file] - Error generating embeddings for Naveen Kumar Bandela.pdf: BaseEventLoop.run_in_executor() got an unexpected keyword argument 'normalize_embeddings'
2025-04-13 13:20:42,318 - ERROR - [process_file] - Error generating embeddings for mahesh_Java.pdf: BaseEventLoop.run_in_executor() got an unexpected keyword argument 'normalize_embeddings'
2025-04-13 13:20:42,496 - ERROR - [process_file] - Error generating embeddings for Samir Naik-NJ - Mar 2018-V3.0.pdf: BaseEventLoop.run_in_executor() got an unexpected keyword argument 'normalize_embeddings'
2025-04-13 13:20:42,703 - ERROR - [process_file] - Error generating embeddings for Sravani Singirikonda.pdf: BaseEventLoop.run_in_executor() got an unexpected keyword argument 'normalize_embeddings'
2025-04-13 13:20:42,956 - ERROR - [process_file] - Error generating embeddings for srinivas b.pdf: BaseEventLoop.run_in_executor() got an unexpected keyword argument 'normalize_embeddings'
2025-04-13 13:20:43,437 - ERROR - [process_file] - Error generating embeddings for Pierre John.pdf: BaseEventLoop.run_in_executor() got an unexpected keyword argument 'normalize_embeddings'
2025-04-13 13:20:43,650 - ERROR - [process_file] - Error generating embeddings for Jaya prakash.pdf: BaseEventLoop.run_in_executor() got an unexpected keyword argument 'normalize_embeddings'
2025-04-13 13:20:43,931 - ERROR - [process_file] - Error generating embeddings for Sri Gati.pdf: BaseEventLoop.run_in_executor() got an unexpected keyword argument 'normalize_embeddings'
2025-04-13 13:20:44,493 - ERROR - [process_file] - Error generating embeddings for Satish Reddy.pdf: BaseEventLoop.run_in_executor() got an unexpected keyword argument 'normalize_embeddings'
2025-04-13 13:20:44,662 - ERROR - [process_file] - Error generating embeddings for Resume Vishal PM - MSIS, PMP-PMI.pdf: BaseEventLoop.run_in_executor() got an unexpected keyword argument 'normalize_embeddings'
2025-04-13 13:20:44,928 - ERROR - [process_file] - Error generating embeddings for Nikith Reddy.pdf: BaseEventLoop.run_in_executor() got an unexpected keyword argument 'normalize_embeddings'
2025-04-13 13:20:45,032 - ERROR - [process_file] - Error generating embeddings for Adelina_Erimia_PMP1.pdf: BaseEventLoop.run_in_executor() got an unexpected keyword argument 'normalize_embeddings'
2025-04-13 13:20:45,186 - ERROR - [process_file] - Error generating embeddings for Venkat_BA.pdf: BaseEventLoop.run_in_executor() got an unexpected keyword argument 'normalize_embeddings'
2025-04-13 13:20:45,392 - ERROR - [process_file] - Error generating embeddings for BA - Navneet.pdf: BaseEventLoop.run_in_executor() got an unexpected keyword argument 'normalize_embeddings'
2025-04-13 13:20:45,627 - ERROR - [process_file] - Error generating embeddings for KIRAN KUMAR.pdf: BaseEventLoop.run_in_executor() got an unexpected keyword argument 'normalize_embeddings'
2025-04-13 13:20:45,907 - ERROR - [process_file] - Error generating embeddings for SUNITHA Project Manager (1).pdf: BaseEventLoop.run_in_executor() got an unexpected keyword argument 'normalize_embeddings'
2025-04-13 13:20:46,134 - ERROR - [process_file] - Error generating embeddings for Francis Gomes Resume.pdf: BaseEventLoop.run_in_executor() got an unexpected keyword argument 'normalize_embeddings'
2025-04-13 13:20:46,289 - ERROR - [process_file] - Error generating embeddings for Raju Goduguchinta_Technical Program Manager.pdf: BaseEventLoop.run_in_executor() got an unexpected keyword argument 'normalize_embeddings'
2025-04-13 13:20:46,595 - ERROR - [process_file] - Error generating embeddings for Manohar Reddy.pdf: BaseEventLoop.run_in_executor() got an unexpected keyword argument 'normalize_embeddings'
2025-04-13 13:20:46,740 - ERROR - [process_file] - Error generating embeddings for SAURABH_PM.pdf: BaseEventLoop.run_in_executor() got an unexpected keyword argument 'normalize_embeddings'
2025-04-13 13:20:47,426 - ERROR - [process_file] - Error generating embeddings for Nandini_Resume.pdf: BaseEventLoop.run_in_executor() got an unexpected keyword argument 'normalize_embeddings'
2025-04-13 13:20:47,497 - ERROR - [process_file] - Error generating embeddings for Rajesh_k.pdf: BaseEventLoop.run_in_executor() got an unexpected keyword argument 'normalize_embeddings'
2025-04-13 13:20:47,638 - ERROR - [process_file] - Error generating embeddings for Mitali Barman_Resume.pdf: BaseEventLoop.run_in_executor() got an unexpected keyword argument 'normalize_embeddings'
2025-04-13 13:20:47,765 - ERROR - [process_file] - Error generating embeddings for Nikki_Nimmagadd.pdf: BaseEventLoop.run_in_executor() got an unexpected keyword argument 'normalize_embeddings'
2025-04-13 13:20:48,050 - ERROR - [process_file] - Error generating embeddings for Komala BSA Resume.pdf: BaseEventLoop.run_in_executor() got an unexpected keyword argument 'normalize_embeddings'
2025-04-13 13:20:48,352 - ERROR - [process_file] - Error generating embeddings for manohar.B.pdf: BaseEventLoop.run_in_executor() got an unexpected keyword argument 'normalize_embeddings'
2025-04-13 13:20:48,464 - ERROR - [process_file] - Error generating embeddings for Gautami Bulusu Mobile Testing 3.pdf: BaseEventLoop.run_in_executor() got an unexpected keyword argument 'normalize_embeddings'
2025-04-13 13:20:48,594 - ERROR - [process_file] - Error generating embeddings for Adhi Gopalam - SM.pdf: BaseEventLoop.run_in_executor() got an unexpected keyword argument 'normalize_embeddings'
2025-04-13 13:20:48,723 - ERROR - [process_file] - Error generating embeddings for Resume2018March.pdf: BaseEventLoop.run_in_executor() got an unexpected keyword argument 'normalize_embeddings'
2025-04-13 13:20:48,913 - ERROR - [process_file] - Error generating embeddings for komal patel.pdf: BaseEventLoop.run_in_executor() got an unexpected keyword argument 'normalize_embeddings'
2025-04-13 13:20:49,033 - ERROR - [process_file] - Error generating embeddings for Rajendra-PMP-CSM.pdf: BaseEventLoop.run_in_executor() got an unexpected keyword argument 'normalize_embeddings'
2025-04-13 13:20:49,278 - ERROR - [process_file] - Error generating embeddings for Syed_Zia_Ashraf.pdf: BaseEventLoop.run_in_executor() got an unexpected keyword argument 'normalize_embeddings'
2025-04-13 13:20:49,431 - ERROR - [process_file] - Error generating embeddings for BA Kiran.pdf: BaseEventLoop.run_in_executor() got an unexpected keyword argument 'normalize_embeddings'
2025-04-13 13:20:49,608 - ERROR - [process_file] - Error generating embeddings for Shaker Resume.pdf: BaseEventLoop.run_in_executor() got an unexpected keyword argument 'normalize_embeddings'
2025-04-13 13:20:49,813 - ERROR - [process_file] - Error generating embeddings for Satish Uduta.pdf: BaseEventLoop.run_in_executor() got an unexpected keyword argument 'normalize_embeddings'
2025-04-13 13:20:49,908 - ERROR - [process_file] - Error generating embeddings for Mohamad Jamil.pdf: BaseEventLoop.run_in_executor() got an unexpected keyword argument 'normalize_embeddings'
2025-04-13 13:20:50,115 - ERROR - [process_file] - Error generating embeddings for venu b.pdf: BaseEventLoop.run_in_executor() got an unexpected keyword argument 'normalize_embeddings'
2025-04-13 13:20:50,226 - ERROR - [process_file] - Error generating embeddings for Balakrishna Sudabathula.pdf: BaseEventLoop.run_in_executor() got an unexpected keyword argument 'normalize_embeddings'
2025-04-13 13:20:50,514 - ERROR - [process_file] - Error generating embeddings for vikas java.pdf: BaseEventLoop.run_in_executor() got an unexpected keyword argument 'normalize_embeddings'
2025-04-13 13:20:50,828 - ERROR - [process_file] - Error generating embeddings for Krishna Sr. BSA Resume.pdf: BaseEventLoop.run_in_executor() got an unexpected keyword argument 'normalize_embeddings'
2025-04-13 13:20:50,884 - ERROR - [process_file] - Error generating embeddings for Nilesh-resume_1_phplead.pdf: BaseEventLoop.run_in_executor() got an unexpected keyword argument 'normalize_embeddings'
2025-04-13 13:20:51,067 - ERROR - [process_file] - Error generating embeddings for Akhil.profile.pdf: BaseEventLoop.run_in_executor() got an unexpected keyword argument 'normalize_embeddings'
2025-04-13 13:20:51,257 - ERROR - [process_file] - Error generating embeddings for Balaji Gopalakrishnan Project Manager.pdf: BaseEventLoop.run_in_executor() got an unexpected keyword argument 'normalize_embeddings'
2025-04-13 13:20:51,404 - ERROR - [process_file] - Error generating embeddings for Gokul Selvam S PM.pdf: BaseEventLoop.run_in_executor() got an unexpected keyword argument 'normalize_embeddings'
2025-04-13 13:20:51,556 - ERROR - [process_file] - Error generating embeddings for BA with INV.pdf: BaseEventLoop.run_in_executor() got an unexpected keyword argument 'normalize_embeddings'
2025-04-13 13:20:51,881 - ERROR - [process_file] - Error generating embeddings for nithin katapally.pdf: BaseEventLoop.run_in_executor() got an unexpected keyword argument 'normalize_embeddings'
2025-04-13 13:20:52,126 - ERROR - [process_file] - Error generating embeddings for Niteesh Java Developer.pdf: BaseEventLoop.run_in_executor() got an unexpected keyword argument 'normalize_embeddings'
2025-04-13 13:20:52,358 - ERROR - [process_file] - Error generating embeddings for VIJETHA G.pdf: BaseEventLoop.run_in_executor() got an unexpected keyword argument 'normalize_embeddings'
2025-04-13 13:20:52,521 - ERROR - [process_file] - Error generating embeddings for Tanmay_Dam_Resume_BA.pdf: BaseEventLoop.run_in_executor() got an unexpected keyword argument 'normalize_embeddings'
2025-04-13 13:20:52,662 - ERROR - [process_file] - Error generating embeddings for Robinson.pdf: BaseEventLoop.run_in_executor() got an unexpected keyword argument 'normalize_embeddings'
2025-04-13 13:20:52,985 - ERROR - [process_file] - Error generating embeddings for AjayKumar.pdf: BaseEventLoop.run_in_executor() got an unexpected keyword argument 'normalize_embeddings'
2025-04-13 13:20:53,186 - ERROR - [process_file] - Error generating embeddings for Shail_Tank-Business Analyst .pdf: BaseEventLoop.run_in_executor() got an unexpected keyword argument 'normalize_embeddings'
2025-04-13 13:20:53,385 - ERROR - [process_file] - Error generating embeddings for Resume_Spoorti Pandit_BSA.pdf: BaseEventLoop.run_in_executor() got an unexpected keyword argument 'normalize_embeddings'
2025-04-13 13:20:53,595 - ERROR - [process_file] - Error generating embeddings for Tarun RESUME-BSAT.pdf: BaseEventLoop.run_in_executor() got an unexpected keyword argument 'normalize_embeddings'
2025-04-13 13:20:53,763 - ERROR - [process_file] - Error generating embeddings for ram krishna.pdf: BaseEventLoop.run_in_executor() got an unexpected keyword argument 'normalize_embeddings'
2025-04-13 13:20:53,972 - ERROR - [process_file] - Error generating embeddings for Vijay Bhargav.pdf: BaseEventLoop.run_in_executor() got an unexpected keyword argument 'normalize_embeddings'
2025-04-13 13:20:54,178 - ERROR - [process_file] - Error generating embeddings for Krishna Kuruvella.pdf: BaseEventLoop.run_in_executor() got an unexpected keyword argument 'normalize_embeddings'
2025-04-13 13:20:54,409 - ERROR - [process_file] - Error generating embeddings for Gopi.pdf: BaseEventLoop.run_in_executor() got an unexpected keyword argument 'normalize_embeddings'
2025-04-13 13:20:54,999 - ERROR - [process_file] - Error generating embeddings for Rohanu Resume.pdf: BaseEventLoop.run_in_executor() got an unexpected keyword argument 'normalize_embeddings'
2025-04-13 13:20:55,140 - ERROR - [process_file] - Error generating embeddings for Sharath Java.pdf: BaseEventLoop.run_in_executor() got an unexpected keyword argument 'normalize_embeddings'
2025-04-13 13:20:55,338 - ERROR - [process_file] - Error generating embeddings for Gururaja Murthy PMCPCSM.pdf: BaseEventLoop.run_in_executor() got an unexpected keyword argument 'normalize_embeddings'
2025-04-13 13:20:55,555 - ERROR - [process_file] - Error generating embeddings for Vikash_BA_Ab.pdf: BaseEventLoop.run_in_executor() got an unexpected keyword argument 'normalize_embeddings'
2025-04-13 13:20:55,694 - ERROR - [process_file] - Error generating embeddings for Tarun Resume.pdf: BaseEventLoop.run_in_executor() got an unexpected keyword argument 'normalize_embeddings'
2025-04-13 13:20:55,896 - ERROR - [process_file] - Error generating embeddings for ram nandyala.pdf: BaseEventLoop.run_in_executor() got an unexpected keyword argument 'normalize_embeddings'
2025-04-13 13:20:56,068 - ERROR - [process_file] - Error generating embeddings for Mohammad Resume.pdf: BaseEventLoop.run_in_executor() got an unexpected keyword argument 'normalize_embeddings'
2025-04-13 13:20:56,254 - ERROR - [process_file] - Error generating embeddings for Akhil_Sr BSA.pdf: BaseEventLoop.run_in_executor() got an unexpected keyword argument 'normalize_embeddings'
2025-04-13 13:20:56,779 - ERROR - [process_file] - Error generating embeddings for Bapuji Hadoop developer.pdf: BaseEventLoop.run_in_executor() got an unexpected keyword argument 'normalize_embeddings'
2025-04-13 13:20:56,945 - ERROR - [process_file] - Error generating embeddings for Krishnapriya_BA.pdf: BaseEventLoop.run_in_executor() got an unexpected keyword argument 'normalize_embeddings'
2025-04-13 13:20:57,205 - ERROR - [process_file] - Error generating embeddings for Tarun.pdf: BaseEventLoop.run_in_executor() got an unexpected keyword argument 'normalize_embeddings'
2025-04-13 13:20:57,320 - ERROR - [process_file] - Error generating embeddings for Othman - Project Manager.pdf: BaseEventLoop.run_in_executor() got an unexpected keyword argument 'normalize_embeddings'
2025-04-13 13:20:57,426 - ERROR - [process_file] - Error generating embeddings for Bharat Arora_CV_PMP _ ERP1.pdf: BaseEventLoop.run_in_executor() got an unexpected keyword argument 'normalize_embeddings'
2025-04-13 13:20:57,586 - ERROR - [process_file] - Error generating embeddings for mohid_rj.pdf: BaseEventLoop.run_in_executor() got an unexpected keyword argument 'normalize_embeddings'
2025-04-13 13:20:57,923 - ERROR - [process_file] - Error generating embeddings for nithin Reddy.pdf: BaseEventLoop.run_in_executor() got an unexpected keyword argument 'normalize_embeddings'
2025-04-13 13:20:58,102 - ERROR - [process_file] - Error generating embeddings for Vishnu BA Resume.pdf: BaseEventLoop.run_in_executor() got an unexpected keyword argument 'normalize_embeddings'
2025-04-13 13:20:58,335 - ERROR - [process_file] - Error generating embeddings for Vinay.D_Resume.pdf: BaseEventLoop.run_in_executor() got an unexpected keyword argument 'normalize_embeddings'
2025-04-13 13:20:58,543 - ERROR - [process_file] - Error generating embeddings for mounika BA resume 7.pdf: BaseEventLoop.run_in_executor() got an unexpected keyword argument 'normalize_embeddings'
2025-04-13 13:20:58,782 - ERROR - [process_file] - Error generating embeddings for Alekhya Resume.pdf: BaseEventLoop.run_in_executor() got an unexpected keyword argument 'normalize_embeddings'
2025-04-13 13:20:59,185 - ERROR - [process_file] - Error generating embeddings for Ramachandra EDA.pdf: BaseEventLoop.run_in_executor() got an unexpected keyword argument 'normalize_embeddings'
2025-04-13 13:20:59,372 - ERROR - [process_file] - Error generating embeddings for Shelly Woods.pdf: BaseEventLoop.run_in_executor() got an unexpected keyword argument 'normalize_embeddings'
2025-04-13 13:20:59,539 - ERROR - [process_file] - Error generating embeddings for Amrinder Business Analyst.pdf: BaseEventLoop.run_in_executor() got an unexpected keyword argument 'normalize_embeddings'
2025-04-13 13:20:59,647 - ERROR - [process_file] - Error generating embeddings for ParthMPatel_BA.pdf: BaseEventLoop.run_in_executor() got an unexpected keyword argument 'normalize_embeddings'
2025-04-13 13:20:59,761 - ERROR - [process_file] - Error generating embeddings for Vishal S..pdf: BaseEventLoop.run_in_executor() got an unexpected keyword argument 'normalize_embeddings'
2025-04-13 13:20:59,966 - ERROR - [process_file] - Error generating embeddings for MounikaReddy.pdf: BaseEventLoop.run_in_executor() got an unexpected keyword argument 'normalize_embeddings'
2025-04-13 13:21:00,116 - ERROR - [process_file] - Error generating embeddings for Bharatha BA Resume.pdf: BaseEventLoop.run_in_executor() got an unexpected keyword argument 'normalize_embeddings'
2025-04-13 13:21:00,273 - ERROR - [process_file] - Error generating embeddings for TeresaNeetipudi IT BA.pdf: BaseEventLoop.run_in_executor() got an unexpected keyword argument 'normalize_embeddings'
2025-04-13 13:21:00,498 - ERROR - [process_file] - Error generating embeddings for sai k.pdf: BaseEventLoop.run_in_executor() got an unexpected keyword argument 'normalize_embeddings'
2025-04-13 13:21:00,683 - ERROR - [process_file] - Error generating embeddings for harish S.pdf: BaseEventLoop.run_in_executor() got an unexpected keyword argument 'normalize_embeddings'
2025-04-13 13:21:00,901 - ERROR - [process_file] - Error generating embeddings for Harika_java.pdf: BaseEventLoop.run_in_executor() got an unexpected keyword argument 'normalize_embeddings'
2025-04-13 13:21:01,173 - ERROR - [process_file] - Error generating embeddings for Tarun_Developer.pdf: BaseEventLoop.run_in_executor() got an unexpected keyword argument 'normalize_embeddings'
2025-04-13 13:21:01,527 - ERROR - [process_file] - Error generating embeddings for AnilAgarwal.pdf: BaseEventLoop.run_in_executor() got an unexpected keyword argument 'normalize_embeddings'
2025-04-13 13:21:01,765 - ERROR - [process_file] - Error generating embeddings for Krishna_SrJava.pdf: BaseEventLoop.run_in_executor() got an unexpected keyword argument 'normalize_embeddings'
2025-04-13 13:21:01,879 - ERROR - [process_file] - Error generating embeddings for RAMYA BUSINESS ANALYST RESUME.pdf: BaseEventLoop.run_in_executor() got an unexpected keyword argument 'normalize_embeddings'
2025-04-13 13:21:02,174 - ERROR - [process_file] - Error generating embeddings for Pankaj BSA.pdf: BaseEventLoop.run_in_executor() got an unexpected keyword argument 'normalize_embeddings'
2025-04-13 13:21:02,512 - ERROR - [process_file] - Error generating embeddings for Amar Sr BSA.pdf: BaseEventLoop.run_in_executor() got an unexpected keyword argument 'normalize_embeddings'
2025-04-13 13:21:02,725 - ERROR - [process_file] - Error generating embeddings for Kumar Raj.pdf: BaseEventLoop.run_in_executor() got an unexpected keyword argument 'normalize_embeddings'
2025-04-13 13:21:03,029 - ERROR - [process_file] - Error generating embeddings for Krishna_BSA.pdf: BaseEventLoop.run_in_executor() got an unexpected keyword argument 'normalize_embeddings'
2025-04-13 13:21:03,182 - ERROR - [process_file] - Error generating embeddings for Tejaswi-resume.pdf: BaseEventLoop.run_in_executor() got an unexpected keyword argument 'normalize_embeddings'
2025-04-13 13:21:03,353 - ERROR - [process_file] - Error generating embeddings for Brahma-Resume (BA).pdf: BaseEventLoop.run_in_executor() got an unexpected keyword argument 'normalize_embeddings'
2025-04-13 13:21:03,602 - ERROR - [process_file] - Error generating embeddings for Harish K.pdf: BaseEventLoop.run_in_executor() got an unexpected keyword argument 'normalize_embeddings'
2025-04-13 13:21:03,830 - ERROR - [process_file] - Error generating embeddings for Ami Jape.pdf: BaseEventLoop.run_in_executor() got an unexpected keyword argument 'normalize_embeddings'
2025-04-13 13:21:04,030 - ERROR - [process_file] - Error generating embeddings for Mounika health care resume.pdf: BaseEventLoop.run_in_executor() got an unexpected keyword argument 'normalize_embeddings'
2025-04-13 13:21:04,227 - ERROR - [process_file] - Error generating embeddings for Sahithi K.pdf: BaseEventLoop.run_in_executor() got an unexpected keyword argument 'normalize_embeddings'
2025-04-13 13:21:04,481 - ERROR - [process_file] - Error generating embeddings for Shiuli Mahmud.pdf: BaseEventLoop.run_in_executor() got an unexpected keyword argument 'normalize_embeddings'
2025-04-13 13:21:04,690 - ERROR - [process_file] - Error generating embeddings for Ramteja Motupalli.pdf: BaseEventLoop.run_in_executor() got an unexpected keyword argument 'normalize_embeddings'
2025-04-13 13:21:04,899 - ERROR - [process_file] - Error generating embeddings for ronith s.pdf: BaseEventLoop.run_in_executor() got an unexpected keyword argument 'normalize_embeddings'
2025-04-13 13:21:05,034 - ERROR - [process_file] - Error generating embeddings for Shashank.pdf: BaseEventLoop.run_in_executor() got an unexpected keyword argument 'normalize_embeddings'
2025-04-13 13:21:05,202 - ERROR - [process_file] - Error generating embeddings for Haarika_BA.pdf: BaseEventLoop.run_in_executor() got an unexpected keyword argument 'normalize_embeddings'
2025-04-13 13:21:05,455 - ERROR - [process_file] - Error generating embeddings for Sahas BA Resume.pdf: BaseEventLoop.run_in_executor() got an unexpected keyword argument 'normalize_embeddings'
2025-04-13 13:21:05,728 - ERROR - [process_file] - Error generating embeddings for Dhanalaxmi -BA.pdf: BaseEventLoop.run_in_executor() got an unexpected keyword argument 'normalize_embeddings'
2025-04-13 13:21:05,793 - ERROR - [process_file] - Error generating embeddings for Jennifer  M. Conte.pdf: BaseEventLoop.run_in_executor() got an unexpected keyword argument 'normalize_embeddings'
2025-04-13 13:21:05,979 - ERROR - [process_file] - Error generating embeddings for Neha Mugghala.pdf: BaseEventLoop.run_in_executor() got an unexpected keyword argument 'normalize_embeddings'
2025-04-13 13:21:06,161 - ERROR - [process_file] - Error generating embeddings for Santosh Arugula BA.pdf: BaseEventLoop.run_in_executor() got an unexpected keyword argument 'normalize_embeddings'
2025-04-13 13:21:06,414 - ERROR - [process_file] - Error generating embeddings for chenna kesava.pdf: BaseEventLoop.run_in_executor() got an unexpected keyword argument 'normalize_embeddings'
2025-04-13 13:21:06,672 - ERROR - [process_file] - Error generating embeddings for kalyan das.pdf: BaseEventLoop.run_in_executor() got an unexpected keyword argument 'normalize_embeddings'
2025-04-13 13:21:06,862 - ERROR - [process_file] - Error generating embeddings for Manikanta P.pdf: BaseEventLoop.run_in_executor() got an unexpected keyword argument 'normalize_embeddings'
2025-04-13 13:21:07,180 - ERROR - [process_file] - Error generating embeddings for vema reddy.pdf: BaseEventLoop.run_in_executor() got an unexpected keyword argument 'normalize_embeddings'
2025-04-13 13:21:07,442 - ERROR - [process_file] - Error generating embeddings for Deepika Chintalapati.pdf: BaseEventLoop.run_in_executor() got an unexpected keyword argument 'normalize_embeddings'
2025-04-13 13:21:07,590 - ERROR - [process_file] - Error generating embeddings for B Suresh Kumar_Project Manager_1.pdf: BaseEventLoop.run_in_executor() got an unexpected keyword argument 'normalize_embeddings'
2025-04-13 13:21:07,791 - ERROR - [process_file] - Error generating embeddings for Achyuth Resume_8.pdf: BaseEventLoop.run_in_executor() got an unexpected keyword argument 'normalize_embeddings'
2025-04-13 13:21:07,934 - ERROR - [process_file] - Error generating embeddings for Venkata_Sr.PHP_Developer.pdf: BaseEventLoop.run_in_executor() got an unexpected keyword argument 'normalize_embeddings'
2025-04-13 13:21:08,067 - ERROR - [process_file] - Error generating embeddings for Jimi_Desai_PM.pdf: BaseEventLoop.run_in_executor() got an unexpected keyword argument 'normalize_embeddings'
2025-04-13 13:21:08,258 - ERROR - [process_file] - Error generating embeddings for Navneeth Resume.pdf: BaseEventLoop.run_in_executor() got an unexpected keyword argument 'normalize_embeddings'
2025-04-13 13:21:08,489 - ERROR - [process_file] - Error generating embeddings for Sudhakar Reddy.pdf: BaseEventLoop.run_in_executor() got an unexpected keyword argument 'normalize_embeddings'
2025-04-13 13:21:08,711 - ERROR - [process_file] - Error generating embeddings for BA - Abhishek.pdf: BaseEventLoop.run_in_executor() got an unexpected keyword argument 'normalize_embeddings'
2025-04-13 13:21:08,910 - ERROR - [process_file] - Error generating embeddings for sanjay kumar.pdf: BaseEventLoop.run_in_executor() got an unexpected keyword argument 'normalize_embeddings'
2025-04-13 13:21:09,256 - ERROR - [process_file] - Error generating embeddings for Srivatsan_Project_Manager.pdf: BaseEventLoop.run_in_executor() got an unexpected keyword argument 'normalize_embeddings'
2025-04-13 13:21:09,414 - ERROR - [process_file] - Error generating embeddings for Abiral_Pandey_Fullstack_Java.pdf: BaseEventLoop.run_in_executor() got an unexpected keyword argument 'normalize_embeddings'
2025-04-13 13:21:09,668 - ERROR - [process_file] - Error generating embeddings for avinash G.pdf: BaseEventLoop.run_in_executor() got an unexpected keyword argument 'normalize_embeddings'
2025-04-13 13:21:09,820 - ERROR - [process_file] - Error generating embeddings for Resume - Sr PM.pdf: BaseEventLoop.run_in_executor() got an unexpected keyword argument 'normalize_embeddings'
2025-04-13 13:21:09,965 - ERROR - [process_file] - Error generating embeddings for Priya_Sharma.pdf: BaseEventLoop.run_in_executor() got an unexpected keyword argument 'normalize_embeddings'
2025-04-13 13:21:10,178 - ERROR - [process_file] - Error generating embeddings for jeck P.pdf: BaseEventLoop.run_in_executor() got an unexpected keyword argument 'normalize_embeddings'
2025-04-13 13:21:10,383 - ERROR - [process_file] - Error generating embeddings for Resume - Kishore Kotapati - 218E - BA.pdf: BaseEventLoop.run_in_executor() got an unexpected keyword argument 'normalize_embeddings'
2025-04-13 13:21:10,621 - ERROR - [process_file] - Error generating embeddings for Varun Kumar.pdf: BaseEventLoop.run_in_executor() got an unexpected keyword argument 'normalize_embeddings'
2025-04-13 13:21:10,800 - ERROR - [process_file] - Error generating embeddings for Praveen T.pdf: BaseEventLoop.run_in_executor() got an unexpected keyword argument 'normalize_embeddings'
2025-04-13 13:21:10,999 - ERROR - [process_file] - Error generating embeddings for Spoorthi Finance BSA Resume.pdf: BaseEventLoop.run_in_executor() got an unexpected keyword argument 'normalize_embeddings'
2025-04-13 13:21:11,206 - ERROR - [process_file] - Error generating embeddings for Drakshajavauidev.pdf: BaseEventLoop.run_in_executor() got an unexpected keyword argument 'normalize_embeddings'
2025-04-13 13:21:11,496 - ERROR - [process_file] - Error generating embeddings for Pavan Kumar Full Stack Java Developer.pdf: BaseEventLoop.run_in_executor() got an unexpected keyword argument 'normalize_embeddings'
2025-04-13 13:21:11,753 - ERROR - [process_file] - Error generating embeddings for Nikhil.pdf: BaseEventLoop.run_in_executor() got an unexpected keyword argument 'normalize_embeddings'
2025-04-13 13:21:11,984 - ERROR - [process_file] - Error generating embeddings for Naveen.S_Resume.pdf: BaseEventLoop.run_in_executor() got an unexpected keyword argument 'normalize_embeddings'
2025-04-13 13:21:12,270 - ERROR - [process_file] - Error generating embeddings for Sundar_Java_8+ Years..pdf: BaseEventLoop.run_in_executor() got an unexpected keyword argument 'normalize_embeddings'
2025-04-13 13:21:12,410 - ERROR - [process_file] - Error generating embeddings for Sai Krishna BA.pdf: BaseEventLoop.run_in_executor() got an unexpected keyword argument 'normalize_embeddings'
2025-04-13 13:21:12,687 - ERROR - [process_file] - Error generating embeddings for Kashyap K. Vora resume.pdf: BaseEventLoop.run_in_executor() got an unexpected keyword argument 'normalize_embeddings'
2025-04-13 13:21:12,945 - ERROR - [process_file] - Error generating embeddings for Tushar Patel.pdf: BaseEventLoop.run_in_executor() got an unexpected keyword argument 'normalize_embeddings'
2025-04-13 13:21:13,107 - ERROR - [process_file] - Error generating embeddings for Kuppurajbabu_BA.pdf: BaseEventLoop.run_in_executor() got an unexpected keyword argument 'normalize_embeddings'
2025-04-13 13:21:13,294 - ERROR - [process_file] - Error generating embeddings for Shiva G-Java Resume.pdf: BaseEventLoop.run_in_executor() got an unexpected keyword argument 'normalize_embeddings'
2025-04-13 13:21:13,531 - ERROR - [process_file] - Error generating embeddings for Sarath M.pdf: BaseEventLoop.run_in_executor() got an unexpected keyword argument 'normalize_embeddings'
2025-04-13 13:21:13,682 - ERROR - [process_file] - Error generating embeddings for Resume - PM Agile-Scrum.pdf: BaseEventLoop.run_in_executor() got an unexpected keyword argument 'normalize_embeddings'
2025-04-13 13:21:13,773 - ERROR - [process_file] - Error generating embeddings for SaravanaKumar.pdf: BaseEventLoop.run_in_executor() got an unexpected keyword argument 'normalize_embeddings'
2025-04-13 13:21:13,930 - ERROR - [process_file] - Error generating embeddings for Vishnu J.pdf: BaseEventLoop.run_in_executor() got an unexpected keyword argument 'normalize_embeddings'
2025-04-13 13:21:13,950 - ERROR - [process_file] - Error generating embeddings for employer_mounika details.pdf: BaseEventLoop.run_in_executor() got an unexpected keyword argument 'normalize_embeddings'
2025-04-13 13:21:14,126 - ERROR - [process_file] - Error generating embeddings for Manohar B.pdf: BaseEventLoop.run_in_executor() got an unexpected keyword argument 'normalize_embeddings'
2025-04-13 13:21:14,300 - ERROR - [process_file] - Error generating embeddings for B Shaker-Sr BSA-Scrum Master .pdf: BaseEventLoop.run_in_executor() got an unexpected keyword argument 'normalize_embeddings'
2025-04-13 13:21:14,564 - ERROR - [process_file] - Error generating embeddings for Randy Adams.pdf: BaseEventLoop.run_in_executor() got an unexpected keyword argument 'normalize_embeddings'
2025-04-13 13:21:15,016 - ERROR - [process_file] - Error generating embeddings for Raja Santhosam_PM Scrum Master.pdf: BaseEventLoop.run_in_executor() got an unexpected keyword argument 'normalize_embeddings'
2025-04-13 13:21:15,190 - ERROR - [process_file] - Error generating embeddings for Mahesh_Kamath_PM (1).pdf: BaseEventLoop.run_in_executor() got an unexpected keyword argument 'normalize_embeddings'
2025-04-13 13:21:15,363 - ERROR - [process_file] - Error generating embeddings for Madhuri Pawar.pdf: BaseEventLoop.run_in_executor() got an unexpected keyword argument 'normalize_embeddings'
2025-04-13 13:21:15,619 - ERROR - [process_file] - Error generating embeddings for Praveen B.pdf: BaseEventLoop.run_in_executor() got an unexpected keyword argument 'normalize_embeddings'
2025-04-13 13:21:15,750 - ERROR - [process_file] - Error generating embeddings for Vamshi Teja_Business Analyst.pdf: BaseEventLoop.run_in_executor() got an unexpected keyword argument 'normalize_embeddings'
2025-04-13 13:21:15,897 - ERROR - [process_file] - Error generating embeddings for Mani_Hadoop.pdf: BaseEventLoop.run_in_executor() got an unexpected keyword argument 'normalize_embeddings'
2025-04-13 13:21:16,045 - ERROR - [process_file] - Error generating embeddings for RaviRaju_Resume.pdf: BaseEventLoop.run_in_executor() got an unexpected keyword argument 'normalize_embeddings'
2025-04-13 13:21:16,245 - ERROR - [process_file] - Error generating embeddings for Reddemma_Lankipalle.pdf: BaseEventLoop.run_in_executor() got an unexpected keyword argument 'normalize_embeddings'
2025-04-13 13:21:16,432 - ERROR - [process_file] - Error generating embeddings for Business Analyst_GHyma.pdf: BaseEventLoop.run_in_executor() got an unexpected keyword argument 'normalize_embeddings'
2025-04-13 13:21:16,705 - ERROR - [process_file] - Error generating embeddings for Sumanth Manne Java Developer.pdf: BaseEventLoop.run_in_executor() got an unexpected keyword argument 'normalize_embeddings'
2025-04-13 13:21:16,960 - ERROR - [process_file] - Error generating embeddings for Priyanka Sr BSA Resume.pdf: BaseEventLoop.run_in_executor() got an unexpected keyword argument 'normalize_embeddings'
2025-04-13 13:21:17,397 - ERROR - [process_file] - Error generating embeddings for manish_singh_resume.pdf: BaseEventLoop.run_in_executor() got an unexpected keyword argument 'normalize_embeddings'
2025-04-13 13:21:17,543 - ERROR - [process_file] - Error generating embeddings for Smita Kamble_Resume.pdf: BaseEventLoop.run_in_executor() got an unexpected keyword argument 'normalize_embeddings'
2025-04-13 13:21:17,648 - ERROR - [process_file] - Error generating embeddings for Ranjan_Project Manager-Scrum Master.pdf: BaseEventLoop.run_in_executor() got an unexpected keyword argument 'normalize_embeddings'
2025-04-13 13:21:17,970 - ERROR - [process_file] - Error generating embeddings for Sai kumar.pdf: BaseEventLoop.run_in_executor() got an unexpected keyword argument 'normalize_embeddings'
2025-04-13 13:21:18,121 - ERROR - [process_file] - Error generating embeddings for HARI_Sr.Java Developer.pdf: BaseEventLoop.run_in_executor() got an unexpected keyword argument 'normalize_embeddings'
2025-04-13 13:21:18,249 - ERROR - [process_file] - Error generating embeddings for Mounika_P.pdf: BaseEventLoop.run_in_executor() got an unexpected keyword argument 'normalize_embeddings'
2025-04-13 13:21:18,342 - ERROR - [process_file] - Error generating embeddings for Vivek Joshi_CV.pdf: BaseEventLoop.run_in_executor() got an unexpected keyword argument 'normalize_embeddings'
2025-04-13 13:21:18,573 - ERROR - [process_file] - Error generating embeddings for Amulya Komatineni.pdf: BaseEventLoop.run_in_executor() got an unexpected keyword argument 'normalize_embeddings'
2025-04-13 13:21:18,770 - ERROR - [process_file] - Error generating embeddings for Pavan Sr Business Analyst resume.pdf: BaseEventLoop.run_in_executor() got an unexpected keyword argument 'normalize_embeddings'
2025-04-13 13:21:19,044 - ERROR - [process_file] - Error generating embeddings for Anil Krishna Mogalaturthi.pdf: BaseEventLoop.run_in_executor() got an unexpected keyword argument 'normalize_embeddings'
2025-04-13 13:21:19,203 - ERROR - [process_file] - Error generating embeddings for KY BA PM UPDATED RESUME .pdf: BaseEventLoop.run_in_executor() got an unexpected keyword argument 'normalize_embeddings'
2025-04-13 13:21:19,532 - ERROR - [process_file] - Error generating embeddings for Murali_Project Manager QA.pdf: BaseEventLoop.run_in_executor() got an unexpected keyword argument 'normalize_embeddings'
2025-04-13 13:21:19,694 - ERROR - [process_file] - Error generating embeddings for Uday_Maripelly.pdf: BaseEventLoop.run_in_executor() got an unexpected keyword argument 'normalize_embeddings'
2025-04-13 13:21:19,949 - ERROR - [process_file] - Error generating embeddings for Rao_Java.pdf: BaseEventLoop.run_in_executor() got an unexpected keyword argument 'normalize_embeddings'
2025-04-13 13:21:20,143 - ERROR - [process_file] - Error generating embeddings for Harshitha Challa.pdf: BaseEventLoop.run_in_executor() got an unexpected keyword argument 'normalize_embeddings'
2025-04-13 13:21:20,383 - ERROR - [process_file] - Error generating embeddings for indrakaran soma.pdf: BaseEventLoop.run_in_executor() got an unexpected keyword argument 'normalize_embeddings'
2025-04-13 13:21:20,550 - ERROR - [process_file] - Error generating embeddings for Chandler_BA.pdf: BaseEventLoop.run_in_executor() got an unexpected keyword argument 'normalize_embeddings'
2025-04-13 13:21:20,811 - ERROR - [process_file] - Error generating embeddings for Sougandh_Java Fullstack Developer.pdf: BaseEventLoop.run_in_executor() got an unexpected keyword argument 'normalize_embeddings'
2025-04-13 13:21:20,848 - INFO - [process_all_files] - Total new sentences found: 0
2025-04-13 13:21:20,862 - INFO - [main] - Initializing search components...
2025-04-13 13:21:20,863 - INFO - [fit_tfidf] - Fitting TF-IDF vectorizer for RAGRetriever...
2025-04-13 13:21:20,864 - INFO - [fit] - Fitting TF-IDF for KeywordSearcher...
2025-04-13 13:21:20,867 - WARNING - [fit_tfidf] - No metadata found to fit TF-IDF.
2025-04-13 13:21:20,868 - WARNING - [fit] - No metadata found for KeywordSearcher TF-IDF fitting.
2025-04-13 13:21:20,870 - INFO - [main] - Search components initialized and TF-IDF fitted.
2025-04-13 14:17:46,744 - INFO - [initialize_database] - Database initialized at resume_engine.db
2025-04-13 14:17:46,744 - INFO - [main] - Loading Sentence Transformer model: intfloat/e5-large
2025-04-13 14:17:46,745 - INFO - [__init__] - Load pretrained SentenceTransformer: intfloat/e5-large
2025-04-13 14:17:52,937 - INFO - [__init__] - Use pytorch device_name: cpu
2025-04-13 14:17:53,102 - INFO - [process_all_files] - Found 226 supported files.
2025-04-13 14:17:53,106 - INFO - [process_all_files] - Found 0 existing sentence hashes in DB.
2025-04-13 14:17:56,717 - ERROR - [process_file] - Error generating embeddings for Dantu Padmasri - Project Manager.pdf: BaseEventLoop.run_in_executor() got an unexpected keyword argument 'normalize_embeddings'
2025-04-13 14:17:56,860 - ERROR - [process_file] - Error generating embeddings for Anudeep N_Sr Java Developer.pdf: BaseEventLoop.run_in_executor() got an unexpected keyword argument 'normalize_embeddings'
2025-04-13 14:17:56,979 - ERROR - [process_file] - Error generating embeddings for PM RESUME.pdf: BaseEventLoop.run_in_executor() got an unexpected keyword argument 'normalize_embeddings'
2025-04-13 14:17:57,050 - ERROR - [process_file] - Error generating embeddings for Prashant Chawda_resume.pdf: BaseEventLoop.run_in_executor() got an unexpected keyword argument 'normalize_embeddings'
2025-04-13 14:17:57,190 - ERROR - [process_file] - Error generating embeddings for Manikanta P.pdf: BaseEventLoop.run_in_executor() got an unexpected keyword argument 'normalize_embeddings'
2025-04-13 14:17:57,350 - ERROR - [process_file] - Error generating embeddings for RaviBurra_Certified PM_DevOps.pdf: BaseEventLoop.run_in_executor() got an unexpected keyword argument 'normalize_embeddings'
2025-04-13 14:17:57,477 - ERROR - [process_file] - Error generating embeddings for Ujvala BA Feb 20.pdf: BaseEventLoop.run_in_executor() got an unexpected keyword argument 'normalize_embeddings'
2025-04-13 14:17:57,649 - ERROR - [process_file] - Error generating embeddings for Yugesh_Resume.pdf: BaseEventLoop.run_in_executor() got an unexpected keyword argument 'normalize_embeddings'
2025-04-13 14:17:57,756 - ERROR - [process_file] - Error generating embeddings for Madhu_BA_AW.pdf: BaseEventLoop.run_in_executor() got an unexpected keyword argument 'normalize_embeddings'
2025-04-13 14:17:57,917 - ERROR - [process_file] - Error generating embeddings for Saiteja G.pdf: BaseEventLoop.run_in_executor() got an unexpected keyword argument 'normalize_embeddings'
2025-04-13 14:17:58,063 - ERROR - [process_file] - Error generating embeddings for Deepika DC.pdf: BaseEventLoop.run_in_executor() got an unexpected keyword argument 'normalize_embeddings'
2025-04-13 14:17:58,228 - ERROR - [process_file] - Error generating embeddings for Sai Srinivas_Sr_Java_Developer.pdf: BaseEventLoop.run_in_executor() got an unexpected keyword argument 'normalize_embeddings'
2025-04-13 14:17:58,420 - ERROR - [process_file] - Error generating embeddings for ravikiran JALASUTRAPU.pdf: BaseEventLoop.run_in_executor() got an unexpected keyword argument 'normalize_embeddings'
2025-04-13 14:17:58,520 - ERROR - [process_file] - Error generating embeddings for Vamshi Teja_Business Analyst.pdf: BaseEventLoop.run_in_executor() got an unexpected keyword argument 'normalize_embeddings'
2025-04-13 14:17:58,648 - ERROR - [process_file] - Error generating embeddings for indrakaran soma.pdf: BaseEventLoop.run_in_executor() got an unexpected keyword argument 'normalize_embeddings'
2025-04-13 14:17:58,790 - ERROR - [process_file] - Error generating embeddings for Ravi Reddy.pdf: BaseEventLoop.run_in_executor() got an unexpected keyword argument 'normalize_embeddings'
2025-04-13 14:17:59,288 - ERROR - [process_file] - Error generating embeddings for Nandini_Resume.pdf: BaseEventLoop.run_in_executor() got an unexpected keyword argument 'normalize_embeddings'
2025-04-13 14:17:59,423 - ERROR - [process_file] - Error generating embeddings for Naresh V.pdf: BaseEventLoop.run_in_executor() got an unexpected keyword argument 'normalize_embeddings'
2025-04-13 14:17:59,595 - ERROR - [process_file] - Error generating embeddings for sairithvik alla.pdf: BaseEventLoop.run_in_executor() got an unexpected keyword argument 'normalize_embeddings'
2025-04-13 14:17:59,769 - ERROR - [process_file] - Error generating embeddings for Praveen B.pdf: BaseEventLoop.run_in_executor() got an unexpected keyword argument 'normalize_embeddings'
2025-04-13 14:17:59,916 - ERROR - [process_file] - Error generating embeddings for Deepika Chintalapati.pdf: BaseEventLoop.run_in_executor() got an unexpected keyword argument 'normalize_embeddings'
2025-04-13 14:18:00,029 - ERROR - [process_file] - Error generating embeddings for Utthan Silawal12.pdf: BaseEventLoop.run_in_executor() got an unexpected keyword argument 'normalize_embeddings'
2025-04-13 14:18:00,159 - ERROR - [process_file] - Error generating embeddings for Vamshi L.pdf: BaseEventLoop.run_in_executor() got an unexpected keyword argument 'normalize_embeddings'
2025-04-13 14:18:00,305 - ERROR - [process_file] - Error generating embeddings for Sri Gati.pdf: BaseEventLoop.run_in_executor() got an unexpected keyword argument 'normalize_embeddings'
2025-04-13 14:18:00,427 - ERROR - [process_file] - Error generating embeddings for Pranay P.pdf: BaseEventLoop.run_in_executor() got an unexpected keyword argument 'normalize_embeddings'
2025-04-13 14:18:00,549 - ERROR - [process_file] - Error generating embeddings for Ashok Jayakumar - PM.pdf: BaseEventLoop.run_in_executor() got an unexpected keyword argument 'normalize_embeddings'
2025-04-13 14:18:00,616 - ERROR - [process_file] - Error generating embeddings for Jagan S Iyer PM.pdf: BaseEventLoop.run_in_executor() got an unexpected keyword argument 'normalize_embeddings'
2025-04-13 14:18:00,711 - ERROR - [process_file] - Error generating embeddings for madhuri_java.pdf: BaseEventLoop.run_in_executor() got an unexpected keyword argument 'normalize_embeddings'
2025-04-13 14:18:00,793 - ERROR - [process_file] - Error generating embeddings for Samir Naik-NJ - Feb 2018-V6.0.pdf: BaseEventLoop.run_in_executor() got an unexpected keyword argument 'normalize_embeddings'
2025-04-13 14:18:00,987 - ERROR - [process_file] - Error generating embeddings for Atul_Mathur_Resume.pdf: BaseEventLoop.run_in_executor() got an unexpected keyword argument 'normalize_embeddings'
2025-04-13 14:18:01,070 - ERROR - [process_file] - Error generating embeddings for V Ashok A.pdf: BaseEventLoop.run_in_executor() got an unexpected keyword argument 'normalize_embeddings'
2025-04-13 14:18:01,126 - ERROR - [process_file] - Error generating embeddings for Sravani Battu.pdf: BaseEventLoop.run_in_executor() got an unexpected keyword argument 'normalize_embeddings'
2025-04-13 14:18:01,223 - ERROR - [process_file] - Error generating embeddings for Naren Sr.BA.pdf: BaseEventLoop.run_in_executor() got an unexpected keyword argument 'normalize_embeddings'
2025-04-13 14:18:01,330 - ERROR - [process_file] - Error generating embeddings for Naveen Arora.pdf: BaseEventLoop.run_in_executor() got an unexpected keyword argument 'normalize_embeddings'
2025-04-13 14:18:01,420 - ERROR - [process_file] - Error generating embeddings for RaviRaju_Resume.pdf: BaseEventLoop.run_in_executor() got an unexpected keyword argument 'normalize_embeddings'
2025-04-13 14:18:01,519 - ERROR - [process_file] - Error generating embeddings for Jayadattaperi N.pdf: BaseEventLoop.run_in_executor() got an unexpected keyword argument 'normalize_embeddings'
2025-04-13 14:18:01,618 - ERROR - [process_file] - Error generating embeddings for Santosh Arugula BA.pdf: BaseEventLoop.run_in_executor() got an unexpected keyword argument 'normalize_embeddings'
2025-04-13 14:18:01,733 - ERROR - [process_file] - Error generating embeddings for Jaya prakash.pdf: BaseEventLoop.run_in_executor() got an unexpected keyword argument 'normalize_embeddings'
2025-04-13 14:18:01,850 - ERROR - [process_file] - Error generating embeddings for jeck P.pdf: BaseEventLoop.run_in_executor() got an unexpected keyword argument 'normalize_embeddings'
2025-04-13 14:18:01,968 - ERROR - [process_file] - Error generating embeddings for Sravani Singirikonda.pdf: BaseEventLoop.run_in_executor() got an unexpected keyword argument 'normalize_embeddings'
2025-04-13 14:18:02,086 - ERROR - [process_file] - Error generating embeddings for Ashwini J2EE Developer.pdf: BaseEventLoop.run_in_executor() got an unexpected keyword argument 'normalize_embeddings'
2025-04-13 14:18:02,246 - ERROR - [process_file] - Error generating embeddings for Dave.pdf: BaseEventLoop.run_in_executor() got an unexpected keyword argument 'normalize_embeddings'
2025-04-13 14:18:02,332 - ERROR - [process_file] - Error generating embeddings for CHETAN_Sr Java Developer.pdf: BaseEventLoop.run_in_executor() got an unexpected keyword argument 'normalize_embeddings'
2025-04-13 14:18:02,419 - ERROR - [process_file] - Error generating embeddings for Ravi Pattar- Sr. Agile Program manager.pdf: BaseEventLoop.run_in_executor() got an unexpected keyword argument 'normalize_embeddings'
2025-04-13 14:18:02,545 - ERROR - [process_file] - Error generating embeddings for Sr. Business Analyst.pdf: BaseEventLoop.run_in_executor() got an unexpected keyword argument 'normalize_embeddings'
2025-04-13 14:18:02,678 - ERROR - [process_file] - Error generating embeddings for madhuri R.pdf: BaseEventLoop.run_in_executor() got an unexpected keyword argument 'normalize_embeddings'
2025-04-13 14:18:02,809 - ERROR - [process_file] - Error generating embeddings for Yohan BSA.pdf: BaseEventLoop.run_in_executor() got an unexpected keyword argument 'normalize_embeddings'
2025-04-13 14:18:03,082 - ERROR - [process_file] - Error generating embeddings for Pierre John.pdf: BaseEventLoop.run_in_executor() got an unexpected keyword argument 'normalize_embeddings'
2025-04-13 14:18:03,167 - ERROR - [process_file] - Error generating embeddings for Raja Santhosam_PM Scrum Master.pdf: BaseEventLoop.run_in_executor() got an unexpected keyword argument 'normalize_embeddings'
2025-04-13 14:18:03,260 - ERROR - [process_file] - Error generating embeddings for jagadeesh k.pdf: BaseEventLoop.run_in_executor() got an unexpected keyword argument 'normalize_embeddings'
2025-04-13 14:18:03,403 - ERROR - [process_file] - Error generating embeddings for Naren Sr.BA .pdf: BaseEventLoop.run_in_executor() got an unexpected keyword argument 'normalize_embeddings'
2025-04-13 14:18:03,653 - ERROR - [process_file] - Error generating embeddings for KIRAN KUMAR.pdf: BaseEventLoop.run_in_executor() got an unexpected keyword argument 'normalize_embeddings'
2025-04-13 14:18:03,761 - ERROR - [process_file] - Error generating embeddings for Venkat_BA.pdf: BaseEventLoop.run_in_executor() got an unexpected keyword argument 'normalize_embeddings'
2025-04-13 14:18:03,874 - ERROR - [process_file] - Error generating embeddings for Satish Uduta.pdf: BaseEventLoop.run_in_executor() got an unexpected keyword argument 'normalize_embeddings'
2025-04-13 14:18:04,040 - ERROR - [process_file] - Error generating embeddings for Nikith Reddy.pdf: BaseEventLoop.run_in_executor() got an unexpected keyword argument 'normalize_embeddings'
2025-04-13 14:18:04,107 - ERROR - [process_file] - Error generating embeddings for Gautami Bulusu Mobile Testing 3.pdf: BaseEventLoop.run_in_executor() got an unexpected keyword argument 'normalize_embeddings'
2025-04-13 14:18:04,220 - ERROR - [process_file] - Error generating embeddings for Satish Reddy.pdf: BaseEventLoop.run_in_executor() got an unexpected keyword argument 'normalize_embeddings'
2025-04-13 14:18:04,344 - ERROR - [process_file] - Error generating embeddings for BA - Navneet.pdf: BaseEventLoop.run_in_executor() got an unexpected keyword argument 'normalize_embeddings'
2025-04-13 14:18:04,520 - ERROR - [process_file] - Error generating embeddings for Komala BSA Resume.pdf: BaseEventLoop.run_in_executor() got an unexpected keyword argument 'normalize_embeddings'
2025-04-13 14:18:04,684 - ERROR - [process_file] - Error generating embeddings for manohar.B.pdf: BaseEventLoop.run_in_executor() got an unexpected keyword argument 'normalize_embeddings'
2025-04-13 14:18:04,867 - ERROR - [process_file] - Error generating embeddings for Manohar Reddy.pdf: BaseEventLoop.run_in_executor() got an unexpected keyword argument 'normalize_embeddings'
2025-04-13 14:18:04,939 - ERROR - [process_file] - Error generating embeddings for Nikki_Nimmagadd.pdf: BaseEventLoop.run_in_executor() got an unexpected keyword argument 'normalize_embeddings'
2025-04-13 14:18:05,048 - ERROR - [process_file] - Error generating embeddings for komal patel.pdf: BaseEventLoop.run_in_executor() got an unexpected keyword argument 'normalize_embeddings'
2025-04-13 14:18:05,125 - ERROR - [process_file] - Error generating embeddings for Rajendra-PMP-CSM.pdf: BaseEventLoop.run_in_executor() got an unexpected keyword argument 'normalize_embeddings'
2025-04-13 14:18:05,177 - ERROR - [process_file] - Error generating embeddings for Francis Gomes Resume.pdf: BaseEventLoop.run_in_executor() got an unexpected keyword argument 'normalize_embeddings'
2025-04-13 14:18:05,254 - ERROR - [process_file] - Error generating embeddings for BA Kiran.pdf: BaseEventLoop.run_in_executor() got an unexpected keyword argument 'normalize_embeddings'
2025-04-13 14:18:05,289 - ERROR - [process_file] - Error generating embeddings for Adelina_Erimia_PMP1.pdf: BaseEventLoop.run_in_executor() got an unexpected keyword argument 'normalize_embeddings'
2025-04-13 14:18:05,322 - ERROR - [process_file] - Error generating embeddings for Nilesh-resume_1_phplead.pdf: BaseEventLoop.run_in_executor() got an unexpected keyword argument 'normalize_embeddings'
2025-04-13 14:18:05,432 - ERROR - [process_file] - Error generating embeddings for venu b.pdf: BaseEventLoop.run_in_executor() got an unexpected keyword argument 'normalize_embeddings'
2025-04-13 14:18:05,571 - ERROR - [process_file] - Error generating embeddings for Syed_Zia_Ashraf.pdf: BaseEventLoop.run_in_executor() got an unexpected keyword argument 'normalize_embeddings'
2025-04-13 14:18:05,613 - ERROR - [process_file] - Error generating embeddings for Rajesh_k.pdf: BaseEventLoop.run_in_executor() got an unexpected keyword argument 'normalize_embeddings'
2025-04-13 14:18:05,680 - ERROR - [process_file] - Error generating embeddings for Resume2018March.pdf: BaseEventLoop.run_in_executor() got an unexpected keyword argument 'normalize_embeddings'
2025-04-13 14:18:05,791 - ERROR - [process_file] - Error generating embeddings for Vijay Bhargav.pdf: BaseEventLoop.run_in_executor() got an unexpected keyword argument 'normalize_embeddings'
2025-04-13 14:18:05,893 - ERROR - [process_file] - Error generating embeddings for Resume Vishal PM - MSIS, PMP-PMI.pdf: BaseEventLoop.run_in_executor() got an unexpected keyword argument 'normalize_embeddings'
2025-04-13 14:18:05,975 - ERROR - [process_file] - Error generating embeddings for BA with INV.pdf: BaseEventLoop.run_in_executor() got an unexpected keyword argument 'normalize_embeddings'
2025-04-13 14:18:06,130 - ERROR - [process_file] - Error generating embeddings for SUNITHA Project Manager (1).pdf: BaseEventLoop.run_in_executor() got an unexpected keyword argument 'normalize_embeddings'
2025-04-13 14:18:06,208 - ERROR - [process_file] - Error generating embeddings for SAURABH_PM.pdf: BaseEventLoop.run_in_executor() got an unexpected keyword argument 'normalize_embeddings'
2025-04-13 14:18:06,284 - ERROR - [process_file] - Error generating embeddings for Adhi Gopalam - SM.pdf: BaseEventLoop.run_in_executor() got an unexpected keyword argument 'normalize_embeddings'
2025-04-13 14:18:06,379 - ERROR - [process_file] - Error generating embeddings for Resume_Spoorti Pandit_BSA.pdf: BaseEventLoop.run_in_executor() got an unexpected keyword argument 'normalize_embeddings'
2025-04-13 14:18:06,590 - ERROR - [process_file] - Error generating embeddings for Gokul Selvam S PM.pdf: BaseEventLoop.run_in_executor() got an unexpected keyword argument 'normalize_embeddings'
2025-04-13 14:18:06,658 - ERROR - [process_file] - Error generating embeddings for Raju Goduguchinta_Technical Program Manager.pdf: BaseEventLoop.run_in_executor() got an unexpected keyword argument 'normalize_embeddings'
2025-04-13 14:18:06,729 - ERROR - [process_file] - Error generating embeddings for Tanmay_Dam_Resume_BA.pdf: BaseEventLoop.run_in_executor() got an unexpected keyword argument 'normalize_embeddings'
2025-04-13 14:18:06,843 - ERROR - [process_file] - Error generating embeddings for VIJETHA G.pdf: BaseEventLoop.run_in_executor() got an unexpected keyword argument 'normalize_embeddings'
2025-04-13 14:18:06,948 - ERROR - [process_file] - Error generating embeddings for Krishna Kuruvella.pdf: BaseEventLoop.run_in_executor() got an unexpected keyword argument 'normalize_embeddings'
2025-04-13 14:18:07,048 - ERROR - [process_file] - Error generating embeddings for Balaji Gopalakrishnan Project Manager.pdf: BaseEventLoop.run_in_executor() got an unexpected keyword argument 'normalize_embeddings'
2025-04-13 14:18:07,217 - ERROR - [process_file] - Error generating embeddings for AjayKumar.pdf: BaseEventLoop.run_in_executor() got an unexpected keyword argument 'normalize_embeddings'
2025-04-13 14:18:07,317 - ERROR - [process_file] - Error generating embeddings for Shail_Tank-Business Analyst .pdf: BaseEventLoop.run_in_executor() got an unexpected keyword argument 'normalize_embeddings'
2025-04-13 14:18:07,391 - ERROR - [process_file] - Error generating embeddings for Mitali Barman_Resume.pdf: BaseEventLoop.run_in_executor() got an unexpected keyword argument 'normalize_embeddings'
2025-04-13 14:18:07,442 - ERROR - [process_file] - Error generating embeddings for Balakrishna Sudabathula.pdf: BaseEventLoop.run_in_executor() got an unexpected keyword argument 'normalize_embeddings'
2025-04-13 14:18:07,521 - ERROR - [process_file] - Error generating embeddings for Shaker Resume.pdf: BaseEventLoop.run_in_executor() got an unexpected keyword argument 'normalize_embeddings'
2025-04-13 14:18:07,687 - ERROR - [process_file] - Error generating embeddings for Krishna Sr. BSA Resume.pdf: BaseEventLoop.run_in_executor() got an unexpected keyword argument 'normalize_embeddings'
2025-04-13 14:18:07,732 - ERROR - [process_file] - Error generating embeddings for Mohamad Jamil.pdf: BaseEventLoop.run_in_executor() got an unexpected keyword argument 'normalize_embeddings'
2025-04-13 14:18:07,877 - ERROR - [process_file] - Error generating embeddings for vikas java.pdf: BaseEventLoop.run_in_executor() got an unexpected keyword argument 'normalize_embeddings'
2025-04-13 14:18:07,967 - ERROR - [process_file] - Error generating embeddings for ram krishna.pdf: BaseEventLoop.run_in_executor() got an unexpected keyword argument 'normalize_embeddings'
2025-04-13 14:18:08,090 - ERROR - [process_file] - Error generating embeddings for Rohanu Resume.pdf: BaseEventLoop.run_in_executor() got an unexpected keyword argument 'normalize_embeddings'
2025-04-13 14:18:08,190 - ERROR - [process_file] - Error generating embeddings for Akhil.profile.pdf: BaseEventLoop.run_in_executor() got an unexpected keyword argument 'normalize_embeddings'
2025-04-13 14:18:08,318 - ERROR - [process_file] - Error generating embeddings for Gopi.pdf: BaseEventLoop.run_in_executor() got an unexpected keyword argument 'normalize_embeddings'
2025-04-13 14:18:08,498 - ERROR - [process_file] - Error generating embeddings for nithin katapally.pdf: BaseEventLoop.run_in_executor() got an unexpected keyword argument 'normalize_embeddings'
2025-04-13 14:18:08,595 - ERROR - [process_file] - Error generating embeddings for Robinson.pdf: BaseEventLoop.run_in_executor() got an unexpected keyword argument 'normalize_embeddings'
2025-04-13 14:18:08,716 - ERROR - [process_file] - Error generating embeddings for Tarun RESUME-BSAT.pdf: BaseEventLoop.run_in_executor() got an unexpected keyword argument 'normalize_embeddings'
2025-04-13 14:18:08,846 - ERROR - [process_file] - Error generating embeddings for Niteesh Java Developer.pdf: BaseEventLoop.run_in_executor() got an unexpected keyword argument 'normalize_embeddings'
2025-04-13 14:18:09,295 - ERROR - [process_file] - Error generating embeddings for Tarun Resume.pdf: BaseEventLoop.run_in_executor() got an unexpected keyword argument 'normalize_embeddings'
2025-04-13 14:18:09,393 - ERROR - [process_file] - Error generating embeddings for Sharath Java.pdf: BaseEventLoop.run_in_executor() got an unexpected keyword argument 'normalize_embeddings'
2025-04-13 14:18:09,471 - ERROR - [process_file] - Error generating embeddings for Bapuji Hadoop developer.pdf: BaseEventLoop.run_in_executor() got an unexpected keyword argument 'normalize_embeddings'
2025-04-13 14:18:09,537 - ERROR - [process_file] - Error generating embeddings for Bharat Arora_CV_PMP _ ERP1.pdf: BaseEventLoop.run_in_executor() got an unexpected keyword argument 'normalize_embeddings'
2025-04-13 14:18:09,620 - ERROR - [process_file] - Error generating embeddings for Mohammad Resume.pdf: BaseEventLoop.run_in_executor() got an unexpected keyword argument 'normalize_embeddings'
2025-04-13 14:18:09,731 - ERROR - [process_file] - Error generating embeddings for mounika BA resume 7.pdf: BaseEventLoop.run_in_executor() got an unexpected keyword argument 'normalize_embeddings'
2025-04-13 14:18:09,843 - ERROR - [process_file] - Error generating embeddings for Gururaja Murthy PMCPCSM.pdf: BaseEventLoop.run_in_executor() got an unexpected keyword argument 'normalize_embeddings'
2025-04-13 14:18:09,988 - ERROR - [process_file] - Error generating embeddings for Amar Sr BSA.pdf: BaseEventLoop.run_in_executor() got an unexpected keyword argument 'normalize_embeddings'
2025-04-13 14:18:10,174 - ERROR - [process_file] - Error generating embeddings for Krishna_BSA.pdf: BaseEventLoop.run_in_executor() got an unexpected keyword argument 'normalize_embeddings'
2025-04-13 14:18:10,308 - ERROR - [process_file] - Error generating embeddings for Vinay.D_Resume.pdf: BaseEventLoop.run_in_executor() got an unexpected keyword argument 'normalize_embeddings'
2025-04-13 14:18:10,373 - ERROR - [process_file] - Error generating embeddings for Othman - Project Manager.pdf: BaseEventLoop.run_in_executor() got an unexpected keyword argument 'normalize_embeddings'
2025-04-13 14:18:10,481 - ERROR - [process_file] - Error generating embeddings for Sahas BA Resume.pdf: BaseEventLoop.run_in_executor() got an unexpected keyword argument 'normalize_embeddings'
2025-04-13 14:18:10,551 - ERROR - [process_file] - Error generating embeddings for Shashank.pdf: BaseEventLoop.run_in_executor() got an unexpected keyword argument 'normalize_embeddings'
2025-04-13 14:18:10,650 - ERROR - [process_file] - Error generating embeddings for Haarika_BA.pdf: BaseEventLoop.run_in_executor() got an unexpected keyword argument 'normalize_embeddings'
2025-04-13 14:18:10,747 - ERROR - [process_file] - Error generating embeddings for Shelly Woods.pdf: BaseEventLoop.run_in_executor() got an unexpected keyword argument 'normalize_embeddings'
2025-04-13 14:18:10,959 - ERROR - [process_file] - Error generating embeddings for Ramachandra EDA.pdf: BaseEventLoop.run_in_executor() got an unexpected keyword argument 'normalize_embeddings'
2025-04-13 14:18:11,086 - ERROR - [process_file] - Error generating embeddings for Alekhya Resume.pdf: BaseEventLoop.run_in_executor() got an unexpected keyword argument 'normalize_embeddings'
2025-04-13 14:18:11,204 - ERROR - [process_file] - Error generating embeddings for Harika_java.pdf: BaseEventLoop.run_in_executor() got an unexpected keyword argument 'normalize_embeddings'
2025-04-13 14:18:11,296 - ERROR - [process_file] - Error generating embeddings for Krishnapriya_BA.pdf: BaseEventLoop.run_in_executor() got an unexpected keyword argument 'normalize_embeddings'
2025-04-13 14:18:11,379 - ERROR - [process_file] - Error generating embeddings for mohid_rj.pdf: BaseEventLoop.run_in_executor() got an unexpected keyword argument 'normalize_embeddings'
2025-04-13 14:18:11,489 - ERROR - [process_file] - Error generating embeddings for Vikash_BA_Ab.pdf: BaseEventLoop.run_in_executor() got an unexpected keyword argument 'normalize_embeddings'
2025-04-13 14:18:11,591 - ERROR - [process_file] - Error generating embeddings for Akhil_Sr BSA.pdf: BaseEventLoop.run_in_executor() got an unexpected keyword argument 'normalize_embeddings'
2025-04-13 14:18:11,720 - ERROR - [process_file] - Error generating embeddings for Tarun.pdf: BaseEventLoop.run_in_executor() got an unexpected keyword argument 'normalize_embeddings'
2025-04-13 14:18:11,838 - ERROR - [process_file] - Error generating embeddings for ram nandyala.pdf: BaseEventLoop.run_in_executor() got an unexpected keyword argument 'normalize_embeddings'
2025-04-13 14:18:11,949 - ERROR - [process_file] - Error generating embeddings for Ramteja Motupalli.pdf: BaseEventLoop.run_in_executor() got an unexpected keyword argument 'normalize_embeddings'
2025-04-13 14:18:12,127 - ERROR - [process_file] - Error generating embeddings for nithin Reddy.pdf: BaseEventLoop.run_in_executor() got an unexpected keyword argument 'normalize_embeddings'
2025-04-13 14:18:12,242 - ERROR - [process_file] - Error generating embeddings for ronith s.pdf: BaseEventLoop.run_in_executor() got an unexpected keyword argument 'normalize_embeddings'
2025-04-13 14:18:12,391 - ERROR - [process_file] - Error generating embeddings for Tarun_Developer.pdf: BaseEventLoop.run_in_executor() got an unexpected keyword argument 'normalize_embeddings'
2025-04-13 14:18:12,592 - ERROR - [process_file] - Error generating embeddings for B Suresh Kumar_Project Manager_1.pdf: BaseEventLoop.run_in_executor() got an unexpected keyword argument 'normalize_embeddings'
2025-04-13 14:18:12,712 - ERROR - [process_file] - Error generating embeddings for Sudhakar Reddy.pdf: BaseEventLoop.run_in_executor() got an unexpected keyword argument 'normalize_embeddings'
2025-04-13 14:18:12,832 - ERROR - [process_file] - Error generating embeddings for Sarath M.pdf: BaseEventLoop.run_in_executor() got an unexpected keyword argument 'normalize_embeddings'
2025-04-13 14:18:12,938 - ERROR - [process_file] - Error generating embeddings for Reddemma_Lankipalle.pdf: BaseEventLoop.run_in_executor() got an unexpected keyword argument 'normalize_embeddings'
2025-04-13 14:18:13,070 - ERROR - [process_file] - Error generating embeddings for avinash G.pdf: BaseEventLoop.run_in_executor() got an unexpected keyword argument 'normalize_embeddings'
2025-04-13 14:18:13,222 - ERROR - [process_file] - Error generating embeddings for Sundar_Java_8+ Years..pdf: BaseEventLoop.run_in_executor() got an unexpected keyword argument 'normalize_embeddings'
2025-04-13 14:18:13,364 - ERROR - [process_file] - Error generating embeddings for Priya B.pdf: BaseEventLoop.run_in_executor() got an unexpected keyword argument 'normalize_embeddings'
2025-04-13 14:18:13,499 - ERROR - [process_file] - Error generating embeddings for kalyan das.pdf: BaseEventLoop.run_in_executor() got an unexpected keyword argument 'normalize_embeddings'
2025-04-13 14:18:13,662 - ERROR - [process_file] - Error generating embeddings for vema reddy.pdf: BaseEventLoop.run_in_executor() got an unexpected keyword argument 'normalize_embeddings'
2025-04-13 14:18:13,787 - ERROR - [process_file] - Error generating embeddings for mahesh_Java.pdf: BaseEventLoop.run_in_executor() got an unexpected keyword argument 'normalize_embeddings'
2025-04-13 14:18:13,874 - ERROR - [process_file] - Error generating embeddings for Mani_Hadoop.pdf: BaseEventLoop.run_in_executor() got an unexpected keyword argument 'normalize_embeddings'
2025-04-13 14:18:13,952 - ERROR - [process_file] - Error generating embeddings for Priya_Sharma.pdf: BaseEventLoop.run_in_executor() got an unexpected keyword argument 'normalize_embeddings'
2025-04-13 14:18:14,039 - ERROR - [process_file] - Error generating embeddings for Madhuri Pawar.pdf: BaseEventLoop.run_in_executor() got an unexpected keyword argument 'normalize_embeddings'
2025-04-13 14:18:14,164 - ERROR - [process_file] - Error generating embeddings for srinivas b.pdf: BaseEventLoop.run_in_executor() got an unexpected keyword argument 'normalize_embeddings'
2025-04-13 14:18:14,242 - ERROR - [process_file] - Error generating embeddings for Avathika BA-Healthcare_.pdf: BaseEventLoop.run_in_executor() got an unexpected keyword argument 'normalize_embeddings'
2025-04-13 14:18:14,308 - ERROR - [process_file] - Error generating embeddings for Venkata_Sr.PHP_Developer.pdf: BaseEventLoop.run_in_executor() got an unexpected keyword argument 'normalize_embeddings'
2025-04-13 14:18:14,384 - ERROR - [process_file] - Error generating embeddings for Amrinder Business Analyst.pdf: BaseEventLoop.run_in_executor() got an unexpected keyword argument 'normalize_embeddings'
2025-04-13 14:18:14,463 - ERROR - [process_file] - Error generating embeddings for Jimi_Desai_PM.pdf: BaseEventLoop.run_in_executor() got an unexpected keyword argument 'normalize_embeddings'
2025-04-13 14:18:14,589 - ERROR - [process_file] - Error generating embeddings for chenna kesava.pdf: BaseEventLoop.run_in_executor() got an unexpected keyword argument 'normalize_embeddings'
2025-04-13 14:18:14,680 - ERROR - [process_file] - Error generating embeddings for Praveen T.pdf: BaseEventLoop.run_in_executor() got an unexpected keyword argument 'normalize_embeddings'
2025-04-13 14:18:14,756 - ERROR - [process_file] - Error generating embeddings for Resume - PM Agile-Scrum.pdf: BaseEventLoop.run_in_executor() got an unexpected keyword argument 'normalize_embeddings'
2025-04-13 14:18:14,848 - ERROR - [process_file] - Error generating embeddings for MounikaReddy.pdf: BaseEventLoop.run_in_executor() got an unexpected keyword argument 'normalize_embeddings'
2025-04-13 14:18:14,940 - ERROR - [process_file] - Error generating embeddings for Manohar B.pdf: BaseEventLoop.run_in_executor() got an unexpected keyword argument 'normalize_embeddings'
2025-04-13 14:18:15,059 - ERROR - [process_file] - Error generating embeddings for Vivek.BSA.pdf: BaseEventLoop.run_in_executor() got an unexpected keyword argument 'normalize_embeddings'
2025-04-13 14:18:15,166 - ERROR - [process_file] - Error generating embeddings for Resume - Kishore Kotapati - 218E - BA.pdf: BaseEventLoop.run_in_executor() got an unexpected keyword argument 'normalize_embeddings'
2025-04-13 14:18:15,258 - ERROR - [process_file] - Error generating embeddings for B Shaker-Sr BSA-Scrum Master .pdf: BaseEventLoop.run_in_executor() got an unexpected keyword argument 'normalize_embeddings'
2025-04-13 14:18:15,343 - ERROR - [process_file] - Error generating embeddings for Resume - Sr PM.pdf: BaseEventLoop.run_in_executor() got an unexpected keyword argument 'normalize_embeddings'
2025-04-13 14:18:15,520 - ERROR - [process_file] - Error generating embeddings for Srivatsan_Project_Manager.pdf: BaseEventLoop.run_in_executor() got an unexpected keyword argument 'normalize_embeddings'
2025-04-13 14:18:15,652 - ERROR - [process_file] - Error generating embeddings for Nikhil.pdf: BaseEventLoop.run_in_executor() got an unexpected keyword argument 'normalize_embeddings'
2025-04-13 14:18:15,709 - ERROR - [process_file] - Error generating embeddings for Jennifer  M. Conte.pdf: BaseEventLoop.run_in_executor() got an unexpected keyword argument 'normalize_embeddings'
2025-04-13 14:18:15,831 - ERROR - [process_file] - Error generating embeddings for Randy Adams.pdf: BaseEventLoop.run_in_executor() got an unexpected keyword argument 'normalize_embeddings'
2025-04-13 14:18:15,945 - ERROR - [process_file] - Error generating embeddings for Naveen Kumar Bandela.pdf: BaseEventLoop.run_in_executor() got an unexpected keyword argument 'normalize_embeddings'
2025-04-13 14:18:15,960 - ERROR - [process_file] - Error generating embeddings for employer_mounika details.pdf: BaseEventLoop.run_in_executor() got an unexpected keyword argument 'normalize_embeddings'
2025-04-13 14:18:16,052 - ERROR - [process_file] - Error generating embeddings for Sahithi K.pdf: BaseEventLoop.run_in_executor() got an unexpected keyword argument 'normalize_embeddings'
2025-04-13 14:18:16,124 - ERROR - [process_file] - Error generating embeddings for Dhanalaxmi -BA.pdf: BaseEventLoop.run_in_executor() got an unexpected keyword argument 'normalize_embeddings'
2025-04-13 14:18:16,204 - ERROR - [process_file] - Error generating embeddings for Brahma-Resume (BA).pdf: BaseEventLoop.run_in_executor() got an unexpected keyword argument 'normalize_embeddings'
2025-04-13 14:18:16,308 - ERROR - [process_file] - Error generating embeddings for BA - Abhishek.pdf: BaseEventLoop.run_in_executor() got an unexpected keyword argument 'normalize_embeddings'
2025-04-13 14:18:16,416 - ERROR - [process_file] - Error generating embeddings for Navneeth Resume.pdf: BaseEventLoop.run_in_executor() got an unexpected keyword argument 'normalize_embeddings'
2025-04-13 14:18:16,535 - ERROR - [process_file] - Error generating embeddings for Varun.pdf: BaseEventLoop.run_in_executor() got an unexpected keyword argument 'normalize_embeddings'
2025-04-13 14:18:16,593 - ERROR - [process_file] - Error generating embeddings for ParthMPatel_BA.pdf: BaseEventLoop.run_in_executor() got an unexpected keyword argument 'normalize_embeddings'
2025-04-13 14:18:16,659 - ERROR - [process_file] - Error generating embeddings for Samir Naik-NJ - Mar 2018-V3.0.pdf: BaseEventLoop.run_in_executor() got an unexpected keyword argument 'normalize_embeddings'
2025-04-13 14:18:16,794 - ERROR - [process_file] - Error generating embeddings for Sumanth Manne Java Developer.pdf: BaseEventLoop.run_in_executor() got an unexpected keyword argument 'normalize_embeddings'
2025-04-13 14:18:16,867 - ERROR - [process_file] - Error generating embeddings for Bharatha BA Resume.pdf: BaseEventLoop.run_in_executor() got an unexpected keyword argument 'normalize_embeddings'
2025-04-13 14:18:16,915 - ERROR - [process_file] - Error generating embeddings for RAMYA BUSINESS ANALYST RESUME.pdf: BaseEventLoop.run_in_executor() got an unexpected keyword argument 'normalize_embeddings'
2025-04-13 14:18:16,999 - ERROR - [process_file] - Error generating embeddings for Vishnu BA Resume.pdf: BaseEventLoop.run_in_executor() got an unexpected keyword argument 'normalize_embeddings'
2025-04-13 14:18:17,131 - ERROR - [process_file] - Error generating embeddings for Spoorthi Finance BSA Resume.pdf: BaseEventLoop.run_in_executor() got an unexpected keyword argument 'normalize_embeddings'
2025-04-13 14:18:17,187 - ERROR - [process_file] - Error generating embeddings for SaravanaKumar.pdf: BaseEventLoop.run_in_executor() got an unexpected keyword argument 'normalize_embeddings'
2025-04-13 14:18:17,307 - ERROR - [process_file] - Error generating embeddings for Shiuli Mahmud.pdf: BaseEventLoop.run_in_executor() got an unexpected keyword argument 'normalize_embeddings'
2025-04-13 14:18:17,398 - ERROR - [process_file] - Error generating embeddings for Mahesh_Kamath_PM (1).pdf: BaseEventLoop.run_in_executor() got an unexpected keyword argument 'normalize_embeddings'
2025-04-13 14:18:17,516 - ERROR - [process_file] - Error generating embeddings for Ami Jape.pdf: BaseEventLoop.run_in_executor() got an unexpected keyword argument 'normalize_embeddings'
2025-04-13 14:18:17,616 - ERROR - [process_file] - Error generating embeddings for harish S.pdf: BaseEventLoop.run_in_executor() got an unexpected keyword argument 'normalize_embeddings'
2025-04-13 14:18:17,701 - ERROR - [process_file] - Error generating embeddings for TeresaNeetipudi IT BA.pdf: BaseEventLoop.run_in_executor() got an unexpected keyword argument 'normalize_embeddings'
2025-04-13 14:18:17,876 - ERROR - [process_file] - Error generating embeddings for Pankaj BSA.pdf: BaseEventLoop.run_in_executor() got an unexpected keyword argument 'normalize_embeddings'
2025-04-13 14:18:17,981 - ERROR - [process_file] - Error generating embeddings for Drakshajavauidev.pdf: BaseEventLoop.run_in_executor() got an unexpected keyword argument 'normalize_embeddings'
2025-04-13 14:18:18,115 - ERROR - [process_file] - Error generating embeddings for Krishna_SrJava.pdf: BaseEventLoop.run_in_executor() got an unexpected keyword argument 'normalize_embeddings'
2025-04-13 14:18:18,190 - ERROR - [process_file] - Error generating embeddings for Vishal S..pdf: BaseEventLoop.run_in_executor() got an unexpected keyword argument 'normalize_embeddings'
2025-04-13 14:18:18,321 - ERROR - [process_file] - Error generating embeddings for sai k.pdf: BaseEventLoop.run_in_executor() got an unexpected keyword argument 'normalize_embeddings'
2025-04-13 14:18:18,406 - ERROR - [process_file] - Error generating embeddings for Abiral_Pandey_Fullstack_Java.pdf: BaseEventLoop.run_in_executor() got an unexpected keyword argument 'normalize_embeddings'
2025-04-13 14:18:18,641 - ERROR - [process_file] - Error generating embeddings for Tejaswi-resume.pdf: BaseEventLoop.run_in_executor() got an unexpected keyword argument 'normalize_embeddings'
2025-04-13 14:18:18,822 - ERROR - [process_file] - Error generating embeddings for Rashmitha R.pdf: BaseEventLoop.run_in_executor() got an unexpected keyword argument 'normalize_embeddings'
2025-04-13 14:18:18,951 - ERROR - [process_file] - Error generating embeddings for Varun Kumar.pdf: BaseEventLoop.run_in_executor() got an unexpected keyword argument 'normalize_embeddings'
2025-04-13 14:18:19,055 - ERROR - [process_file] - Error generating embeddings for Mounika health care resume.pdf: BaseEventLoop.run_in_executor() got an unexpected keyword argument 'normalize_embeddings'
2025-04-13 14:18:19,168 - ERROR - [process_file] - Error generating embeddings for Achyuth Resume_8.pdf: BaseEventLoop.run_in_executor() got an unexpected keyword argument 'normalize_embeddings'
2025-04-13 14:18:19,284 - ERROR - [process_file] - Error generating embeddings for Kumar Raj.pdf: BaseEventLoop.run_in_executor() got an unexpected keyword argument 'normalize_embeddings'
2025-04-13 14:18:19,430 - ERROR - [process_file] - Error generating embeddings for Priyanka Sr BSA Resume.pdf: BaseEventLoop.run_in_executor() got an unexpected keyword argument 'normalize_embeddings'
2025-04-13 14:18:19,555 - ERROR - [process_file] - Error generating embeddings for Naveen.S_Resume.pdf: BaseEventLoop.run_in_executor() got an unexpected keyword argument 'normalize_embeddings'
2025-04-13 14:18:19,661 - ERROR - [process_file] - Error generating embeddings for Neha Mugghala.pdf: BaseEventLoop.run_in_executor() got an unexpected keyword argument 'normalize_embeddings'
2025-04-13 14:18:19,772 - ERROR - [process_file] - Error generating embeddings for sanjay kumar.pdf: BaseEventLoop.run_in_executor() got an unexpected keyword argument 'normalize_embeddings'
2025-04-13 14:18:19,908 - ERROR - [process_file] - Error generating embeddings for Harish K.pdf: BaseEventLoop.run_in_executor() got an unexpected keyword argument 'normalize_embeddings'
2025-04-13 14:18:20,053 - ERROR - [process_file] - Error generating embeddings for Kashyap K. Vora resume.pdf: BaseEventLoop.run_in_executor() got an unexpected keyword argument 'normalize_embeddings'
2025-04-13 14:18:20,332 - ERROR - [process_file] - Error generating embeddings for manish_singh_resume.pdf: BaseEventLoop.run_in_executor() got an unexpected keyword argument 'normalize_embeddings'
2025-04-13 14:18:20,409 - ERROR - [process_file] - Error generating embeddings for Sai Krishna BA.pdf: BaseEventLoop.run_in_executor() got an unexpected keyword argument 'normalize_embeddings'
2025-04-13 14:18:20,456 - ERROR - [process_file] - Error generating embeddings for Ranjan_Project Manager-Scrum Master.pdf: BaseEventLoop.run_in_executor() got an unexpected keyword argument 'normalize_embeddings'
2025-04-13 14:18:20,565 - ERROR - [process_file] - Error generating embeddings for Shiva G-Java Resume.pdf: BaseEventLoop.run_in_executor() got an unexpected keyword argument 'normalize_embeddings'
2025-04-13 14:18:20,647 - ERROR - [process_file] - Error generating embeddings for Mounika_P.pdf: BaseEventLoop.run_in_executor() got an unexpected keyword argument 'normalize_embeddings'
2025-04-13 14:18:20,720 - ERROR - [process_file] - Error generating embeddings for KY BA PM UPDATED RESUME .pdf: BaseEventLoop.run_in_executor() got an unexpected keyword argument 'normalize_embeddings'
2025-04-13 14:18:20,807 - ERROR - [process_file] - Error generating embeddings for Vishnu J.pdf: BaseEventLoop.run_in_executor() got an unexpected keyword argument 'normalize_embeddings'
2025-04-13 14:18:20,902 - ERROR - [process_file] - Error generating embeddings for HARI_Sr.Java Developer.pdf: BaseEventLoop.run_in_executor() got an unexpected keyword argument 'normalize_embeddings'
2025-04-13 14:18:21,009 - ERROR - [process_file] - Error generating embeddings for Kuppurajbabu_BA.pdf: BaseEventLoop.run_in_executor() got an unexpected keyword argument 'normalize_embeddings'
2025-04-13 14:18:21,163 - ERROR - [process_file] - Error generating embeddings for Amulya Komatineni.pdf: BaseEventLoop.run_in_executor() got an unexpected keyword argument 'normalize_embeddings'
2025-04-13 14:18:21,310 - ERROR - [process_file] - Error generating embeddings for Tushar Patel.pdf: BaseEventLoop.run_in_executor() got an unexpected keyword argument 'normalize_embeddings'
2025-04-13 14:18:21,514 - ERROR - [process_file] - Error generating embeddings for Murali_Project Manager QA.pdf: BaseEventLoop.run_in_executor() got an unexpected keyword argument 'normalize_embeddings'
2025-04-13 14:18:21,683 - ERROR - [process_file] - Error generating embeddings for Pavan Kumar Full Stack Java Developer.pdf: BaseEventLoop.run_in_executor() got an unexpected keyword argument 'normalize_embeddings'
2025-04-13 14:18:21,811 - ERROR - [process_file] - Error generating embeddings for Pavan Sr Business Analyst resume.pdf: BaseEventLoop.run_in_executor() got an unexpected keyword argument 'normalize_embeddings'
2025-04-13 14:18:21,886 - ERROR - [process_file] - Error generating embeddings for Smita Kamble_Resume.pdf: BaseEventLoop.run_in_executor() got an unexpected keyword argument 'normalize_embeddings'
2025-04-13 14:18:21,962 - ERROR - [process_file] - Error generating embeddings for Sai kumar.pdf: BaseEventLoop.run_in_executor() got an unexpected keyword argument 'normalize_embeddings'
2025-04-13 14:18:22,061 - ERROR - [process_file] - Error generating embeddings for Uday_Maripelly.pdf: BaseEventLoop.run_in_executor() got an unexpected keyword argument 'normalize_embeddings'
2025-04-13 14:18:22,133 - ERROR - [process_file] - Error generating embeddings for Chandler_BA.pdf: BaseEventLoop.run_in_executor() got an unexpected keyword argument 'normalize_embeddings'
2025-04-13 14:18:22,219 - ERROR - [process_file] - Error generating embeddings for Business Analyst_GHyma.pdf: BaseEventLoop.run_in_executor() got an unexpected keyword argument 'normalize_embeddings'
2025-04-13 14:18:22,498 - ERROR - [process_file] - Error generating embeddings for Anil Krishna Mogalaturthi.pdf: BaseEventLoop.run_in_executor() got an unexpected keyword argument 'normalize_embeddings'
2025-04-13 14:18:22,700 - ERROR - [process_file] - Error generating embeddings for AnilAgarwal.pdf: BaseEventLoop.run_in_executor() got an unexpected keyword argument 'normalize_embeddings'
2025-04-13 14:18:22,840 - ERROR - [process_file] - Error generating embeddings for Sougandh_Java Fullstack Developer.pdf: BaseEventLoop.run_in_executor() got an unexpected keyword argument 'normalize_embeddings'
2025-04-13 14:18:22,896 - ERROR - [process_file] - Error generating embeddings for Vivek Joshi_CV.pdf: BaseEventLoop.run_in_executor() got an unexpected keyword argument 'normalize_embeddings'
2025-04-13 14:18:23,024 - ERROR - [process_file] - Error generating embeddings for Rao_Java.pdf: BaseEventLoop.run_in_executor() got an unexpected keyword argument 'normalize_embeddings'
2025-04-13 14:18:23,128 - ERROR - [process_file] - Error generating embeddings for Harshitha Challa.pdf: BaseEventLoop.run_in_executor() got an unexpected keyword argument 'normalize_embeddings'
2025-04-13 14:18:23,154 - INFO - [process_all_files] - Total new sentences found: 0
2025-04-13 14:18:23,163 - INFO - [main] - Initializing search components...
2025-04-13 14:18:23,163 - INFO - [fit_tfidf] - Fitting TF-IDF vectorizer for RAGRetriever...
2025-04-13 14:18:23,164 - INFO - [fit] - Fitting TF-IDF for KeywordSearcher...
2025-04-13 14:18:23,166 - WARNING - [fit_tfidf] - No metadata found to fit TF-IDF.
2025-04-13 14:18:23,166 - WARNING - [fit] - No metadata found for KeywordSearcher TF-IDF fitting.
2025-04-13 14:18:23,167 - INFO - [main] - Search components initialized and TF-IDF fitted.
2025-04-13 14:19:16,106 - INFO - [initialize_database] - Database initialized at resume_engine.db
2025-04-13 14:19:16,106 - INFO - [main] - Loading Sentence Transformer model: intfloat/e5-large
2025-04-13 14:19:16,107 - INFO - [__init__] - Load pretrained SentenceTransformer: intfloat/e5-large
2025-04-13 14:19:20,873 - INFO - [__init__] - Use pytorch device_name: cpu
2025-04-13 14:19:20,909 - INFO - [process_all_files] - Found 226 supported files.
2025-04-13 14:19:20,914 - INFO - [process_all_files] - Found 0 existing sentence hashes in DB.
2025-04-13 14:19:21,510 - ERROR - [process_file] - Error generating embeddings for Jagan S Iyer PM.pdf: BaseEventLoop.run_in_executor() got an unexpected keyword argument 'normalize_embeddings'
2025-04-13 14:19:21,649 - ERROR - [process_file] - Error generating embeddings for Ashok Jayakumar - PM.pdf: BaseEventLoop.run_in_executor() got an unexpected keyword argument 'normalize_embeddings'
2025-04-13 14:19:21,723 - ERROR - [process_file] - Error generating embeddings for Dantu Padmasri - Project Manager.pdf: BaseEventLoop.run_in_executor() got an unexpected keyword argument 'normalize_embeddings'
2025-04-13 14:19:21,893 - ERROR - [process_file] - Error generating embeddings for Priya B.pdf: BaseEventLoop.run_in_executor() got an unexpected keyword argument 'normalize_embeddings'
2025-04-13 14:19:22,070 - ERROR - [process_file] - Error generating embeddings for Varun.pdf: BaseEventLoop.run_in_executor() got an unexpected keyword argument 'normalize_embeddings'
2025-04-13 14:19:22,228 - ERROR - [process_file] - Error generating embeddings for Naren Sr.BA.pdf: BaseEventLoop.run_in_executor() got an unexpected keyword argument 'normalize_embeddings'
2025-04-13 14:19:22,406 - ERROR - [process_file] - Error generating embeddings for sairithvik alla.pdf: BaseEventLoop.run_in_executor() got an unexpected keyword argument 'normalize_embeddings'
2025-04-13 14:19:22,493 - ERROR - [process_file] - Error generating embeddings for Sravani Battu.pdf: BaseEventLoop.run_in_executor() got an unexpected keyword argument 'normalize_embeddings'
2025-04-13 14:19:22,559 - ERROR - [process_file] - Error generating embeddings for Atul_Mathur_Resume.pdf: BaseEventLoop.run_in_executor() got an unexpected keyword argument 'normalize_embeddings'
2025-04-13 14:19:22,686 - ERROR - [process_file] - Error generating embeddings for Utthan Silawal12.pdf: BaseEventLoop.run_in_executor() got an unexpected keyword argument 'normalize_embeddings'
2025-04-13 14:19:22,818 - ERROR - [process_file] - Error generating embeddings for Naresh V.pdf: BaseEventLoop.run_in_executor() got an unexpected keyword argument 'normalize_embeddings'
2025-04-13 14:19:22,979 - ERROR - [process_file] - Error generating embeddings for madhuri_java.pdf: BaseEventLoop.run_in_executor() got an unexpected keyword argument 'normalize_embeddings'
2025-04-13 14:19:23,110 - ERROR - [process_file] - Error generating embeddings for Ravi Reddy.pdf: BaseEventLoop.run_in_executor() got an unexpected keyword argument 'normalize_embeddings'
2025-04-13 14:19:23,221 - ERROR - [process_file] - Error generating embeddings for Samir Naik-NJ - Feb 2018-V6.0.pdf: BaseEventLoop.run_in_executor() got an unexpected keyword argument 'normalize_embeddings'
2025-04-13 14:19:23,366 - ERROR - [process_file] - Error generating embeddings for Prashant Chawda_resume.pdf: BaseEventLoop.run_in_executor() got an unexpected keyword argument 'normalize_embeddings'
2025-04-13 14:19:23,449 - ERROR - [process_file] - Error generating embeddings for Madhu_BA_AW.pdf: BaseEventLoop.run_in_executor() got an unexpected keyword argument 'normalize_embeddings'
2025-04-13 14:19:23,588 - ERROR - [process_file] - Error generating embeddings for Sravani Singirikonda.pdf: BaseEventLoop.run_in_executor() got an unexpected keyword argument 'normalize_embeddings'
2025-04-13 14:19:23,701 - ERROR - [process_file] - Error generating embeddings for PM RESUME.pdf: BaseEventLoop.run_in_executor() got an unexpected keyword argument 'normalize_embeddings'
2025-04-13 14:19:23,852 - ERROR - [process_file] - Error generating embeddings for Yugesh_Resume.pdf: BaseEventLoop.run_in_executor() got an unexpected keyword argument 'normalize_embeddings'
2025-04-13 14:19:23,960 - ERROR - [process_file] - Error generating embeddings for Sr. Business Analyst.pdf: BaseEventLoop.run_in_executor() got an unexpected keyword argument 'normalize_embeddings'
2025-04-13 14:19:24,120 - ERROR - [process_file] - Error generating embeddings for Pranay P.pdf: BaseEventLoop.run_in_executor() got an unexpected keyword argument 'normalize_embeddings'
2025-04-13 14:19:24,233 - ERROR - [process_file] - Error generating embeddings for Ravi Pattar- Sr. Agile Program manager.pdf: BaseEventLoop.run_in_executor() got an unexpected keyword argument 'normalize_embeddings'
2025-04-13 14:19:24,393 - ERROR - [process_file] - Error generating embeddings for RaviBurra_Certified PM_DevOps.pdf: BaseEventLoop.run_in_executor() got an unexpected keyword argument 'normalize_embeddings'
2025-04-13 14:19:24,606 - ERROR - [process_file] - Error generating embeddings for Dave.pdf: BaseEventLoop.run_in_executor() got an unexpected keyword argument 'normalize_embeddings'
2025-04-13 14:19:24,758 - ERROR - [process_file] - Error generating embeddings for indrakaran soma.pdf: BaseEventLoop.run_in_executor() got an unexpected keyword argument 'normalize_embeddings'
2025-04-13 14:19:24,884 - ERROR - [process_file] - Error generating embeddings for V Ashok A.pdf: BaseEventLoop.run_in_executor() got an unexpected keyword argument 'normalize_embeddings'
2025-04-13 14:19:25,015 - ERROR - [process_file] - Error generating embeddings for Ujvala BA Feb 20.pdf: BaseEventLoop.run_in_executor() got an unexpected keyword argument 'normalize_embeddings'
2025-04-13 14:19:25,188 - ERROR - [process_file] - Error generating embeddings for Yohan BSA.pdf: BaseEventLoop.run_in_executor() got an unexpected keyword argument 'normalize_embeddings'
2025-04-13 14:19:25,293 - ERROR - [process_file] - Error generating embeddings for Avathika BA-Healthcare_.pdf: BaseEventLoop.run_in_executor() got an unexpected keyword argument 'normalize_embeddings'
2025-04-13 14:19:25,404 - ERROR - [process_file] - Error generating embeddings for Samir Naik-NJ - Mar 2018-V3.0.pdf: BaseEventLoop.run_in_executor() got an unexpected keyword argument 'normalize_embeddings'
2025-04-13 14:19:25,559 - ERROR - [process_file] - Error generating embeddings for Naren Sr.BA .pdf: BaseEventLoop.run_in_executor() got an unexpected keyword argument 'normalize_embeddings'
2025-04-13 14:19:25,709 - ERROR - [process_file] - Error generating embeddings for Deepika Chintalapati.pdf: BaseEventLoop.run_in_executor() got an unexpected keyword argument 'normalize_embeddings'
2025-04-13 14:19:25,863 - ERROR - [process_file] - Error generating embeddings for Naveen Kumar Bandela.pdf: BaseEventLoop.run_in_executor() got an unexpected keyword argument 'normalize_embeddings'
2025-04-13 14:19:26,047 - ERROR - [process_file] - Error generating embeddings for ravikiran JALASUTRAPU.pdf: BaseEventLoop.run_in_executor() got an unexpected keyword argument 'normalize_embeddings'
2025-04-13 14:19:26,201 - ERROR - [process_file] - Error generating embeddings for mahesh_Java.pdf: BaseEventLoop.run_in_executor() got an unexpected keyword argument 'normalize_embeddings'
2025-04-13 14:19:26,296 - ERROR - [process_file] - Error generating embeddings for CHETAN_Sr Java Developer.pdf: BaseEventLoop.run_in_executor() got an unexpected keyword argument 'normalize_embeddings'
2025-04-13 14:19:26,386 - ERROR - [process_file] - Error generating embeddings for jagadeesh k.pdf: BaseEventLoop.run_in_executor() got an unexpected keyword argument 'normalize_embeddings'
2025-04-13 14:19:26,504 - ERROR - [process_file] - Error generating embeddings for Vamshi L.pdf: BaseEventLoop.run_in_executor() got an unexpected keyword argument 'normalize_embeddings'
2025-04-13 14:19:26,647 - ERROR - [process_file] - Error generating embeddings for Sri Gati.pdf: BaseEventLoop.run_in_executor() got an unexpected keyword argument 'normalize_embeddings'
2025-04-13 14:19:26,734 - ERROR - [process_file] - Error generating embeddings for Anudeep N_Sr Java Developer.pdf: BaseEventLoop.run_in_executor() got an unexpected keyword argument 'normalize_embeddings'
2025-04-13 14:19:26,830 - ERROR - [process_file] - Error generating embeddings for Jayadattaperi N.pdf: BaseEventLoop.run_in_executor() got an unexpected keyword argument 'normalize_embeddings'
2025-04-13 14:19:26,988 - ERROR - [process_file] - Error generating embeddings for srinivas b.pdf: BaseEventLoop.run_in_executor() got an unexpected keyword argument 'normalize_embeddings'
2025-04-13 14:19:27,100 - ERROR - [process_file] - Error generating embeddings for Naveen Arora.pdf: BaseEventLoop.run_in_executor() got an unexpected keyword argument 'normalize_embeddings'
2025-04-13 14:19:27,235 - ERROR - [process_file] - Error generating embeddings for madhuri R.pdf: BaseEventLoop.run_in_executor() got an unexpected keyword argument 'normalize_embeddings'
2025-04-13 14:19:27,328 - ERROR - [process_file] - Error generating embeddings for Mahesh_Kamath_PM (1).pdf: BaseEventLoop.run_in_executor() got an unexpected keyword argument 'normalize_embeddings'
2025-04-13 14:19:27,452 - ERROR - [process_file] - Error generating embeddings for Jaya prakash.pdf: BaseEventLoop.run_in_executor() got an unexpected keyword argument 'normalize_embeddings'
2025-04-13 14:19:27,594 - ERROR - [process_file] - Error generating embeddings for Saiteja G.pdf: BaseEventLoop.run_in_executor() got an unexpected keyword argument 'normalize_embeddings'
2025-04-13 14:19:27,713 - ERROR - [process_file] - Error generating embeddings for Ashwini J2EE Developer.pdf: BaseEventLoop.run_in_executor() got an unexpected keyword argument 'normalize_embeddings'
2025-04-13 14:19:27,846 - ERROR - [process_file] - Error generating embeddings for Sai Srinivas_Sr_Java_Developer.pdf: BaseEventLoop.run_in_executor() got an unexpected keyword argument 'normalize_embeddings'
2025-04-13 14:19:28,122 - ERROR - [process_file] - Error generating embeddings for Pierre John.pdf: BaseEventLoop.run_in_executor() got an unexpected keyword argument 'normalize_embeddings'
2025-04-13 14:19:28,421 - ERROR - [process_file] - Error generating embeddings for Resume Vishal PM - MSIS, PMP-PMI.pdf: BaseEventLoop.run_in_executor() got an unexpected keyword argument 'normalize_embeddings'
2025-04-13 14:19:28,528 - ERROR - [process_file] - Error generating embeddings for Venkat_BA.pdf: BaseEventLoop.run_in_executor() got an unexpected keyword argument 'normalize_embeddings'
2025-04-13 14:19:28,661 - ERROR - [process_file] - Error generating embeddings for KIRAN KUMAR.pdf: BaseEventLoop.run_in_executor() got an unexpected keyword argument 'normalize_embeddings'
2025-04-13 14:19:28,778 - ERROR - [process_file] - Error generating embeddings for Satish Reddy.pdf: BaseEventLoop.run_in_executor() got an unexpected keyword argument 'normalize_embeddings'
2025-04-13 14:19:28,887 - ERROR - [process_file] - Error generating embeddings for BA - Navneet.pdf: BaseEventLoop.run_in_executor() got an unexpected keyword argument 'normalize_embeddings'
2025-04-13 14:19:29,030 - ERROR - [process_file] - Error generating embeddings for SUNITHA Project Manager (1).pdf: BaseEventLoop.run_in_executor() got an unexpected keyword argument 'normalize_embeddings'
2025-04-13 14:19:29,167 - ERROR - [process_file] - Error generating embeddings for Nikith Reddy.pdf: BaseEventLoop.run_in_executor() got an unexpected keyword argument 'normalize_embeddings'
2025-04-13 14:19:29,310 - ERROR - [process_file] - Error generating embeddings for Adelina_Erimia_PMP1.pdf: BaseEventLoop.run_in_executor() got an unexpected keyword argument 'normalize_embeddings'
2025-04-13 14:19:29,370 - ERROR - [process_file] - Error generating embeddings for Francis Gomes Resume.pdf: BaseEventLoop.run_in_executor() got an unexpected keyword argument 'normalize_embeddings'
2025-04-13 14:19:29,477 - ERROR - [process_file] - Error generating embeddings for Rashmitha R.pdf: BaseEventLoop.run_in_executor() got an unexpected keyword argument 'normalize_embeddings'
2025-04-13 14:19:29,590 - ERROR - [process_file] - Error generating embeddings for Satish Uduta.pdf: BaseEventLoop.run_in_executor() got an unexpected keyword argument 'normalize_embeddings'
2025-04-13 14:19:29,717 - ERROR - [process_file] - Error generating embeddings for venu b.pdf: BaseEventLoop.run_in_executor() got an unexpected keyword argument 'normalize_embeddings'
2025-04-13 14:19:29,779 - ERROR - [process_file] - Error generating embeddings for Rajendra-PMP-CSM.pdf: BaseEventLoop.run_in_executor() got an unexpected keyword argument 'normalize_embeddings'
2025-04-13 14:19:29,806 - ERROR - [process_file] - Error generating embeddings for Rajesh_k.pdf: BaseEventLoop.run_in_executor() got an unexpected keyword argument 'normalize_embeddings'
2025-04-13 14:19:29,860 - ERROR - [process_file] - Error generating embeddings for Mohamad Jamil.pdf: BaseEventLoop.run_in_executor() got an unexpected keyword argument 'normalize_embeddings'
2025-04-13 14:19:29,955 - ERROR - [process_file] - Error generating embeddings for Robinson.pdf: BaseEventLoop.run_in_executor() got an unexpected keyword argument 'normalize_embeddings'
2025-04-13 14:19:30,052 - ERROR - [process_file] - Error generating embeddings for Balaji Gopalakrishnan Project Manager.pdf: BaseEventLoop.run_in_executor() got an unexpected keyword argument 'normalize_embeddings'
2025-04-13 14:19:30,159 - ERROR - [process_file] - Error generating embeddings for Vijay Bhargav.pdf: BaseEventLoop.run_in_executor() got an unexpected keyword argument 'normalize_embeddings'
2025-04-13 14:19:30,280 - ERROR - [process_file] - Error generating embeddings for VIJETHA G.pdf: BaseEventLoop.run_in_executor() got an unexpected keyword argument 'normalize_embeddings'
2025-04-13 14:19:30,456 - ERROR - [process_file] - Error generating embeddings for Manohar Reddy.pdf: BaseEventLoop.run_in_executor() got an unexpected keyword argument 'normalize_embeddings'
2025-04-13 14:19:30,545 - ERROR - [process_file] - Error generating embeddings for Adhi Gopalam - SM.pdf: BaseEventLoop.run_in_executor() got an unexpected keyword argument 'normalize_embeddings'
2025-04-13 14:19:30,712 - ERROR - [process_file] - Error generating embeddings for AjayKumar.pdf: BaseEventLoop.run_in_executor() got an unexpected keyword argument 'normalize_embeddings'
2025-04-13 14:19:30,778 - ERROR - [process_file] - Error generating embeddings for Gautami Bulusu Mobile Testing 3.pdf: BaseEventLoop.run_in_executor() got an unexpected keyword argument 'normalize_embeddings'
2025-04-13 14:19:30,862 - ERROR - [process_file] - Error generating embeddings for Akhil.profile.pdf: BaseEventLoop.run_in_executor() got an unexpected keyword argument 'normalize_embeddings'
2025-04-13 14:19:30,933 - ERROR - [process_file] - Error generating embeddings for Resume2018March.pdf: BaseEventLoop.run_in_executor() got an unexpected keyword argument 'normalize_embeddings'
2025-04-13 14:19:30,993 - ERROR - [process_file] - Error generating embeddings for Nikki_Nimmagadd.pdf: BaseEventLoop.run_in_executor() got an unexpected keyword argument 'normalize_embeddings'
2025-04-13 14:19:31,139 - ERROR - [process_file] - Error generating embeddings for Komala BSA Resume.pdf: BaseEventLoop.run_in_executor() got an unexpected keyword argument 'normalize_embeddings'
2025-04-13 14:19:31,293 - ERROR - [process_file] - Error generating embeddings for manohar.B.pdf: BaseEventLoop.run_in_executor() got an unexpected keyword argument 'normalize_embeddings'
2025-04-13 14:19:31,375 - ERROR - [process_file] - Error generating embeddings for BA with INV.pdf: BaseEventLoop.run_in_executor() got an unexpected keyword argument 'normalize_embeddings'
2025-04-13 14:19:31,449 - ERROR - [process_file] - Error generating embeddings for BA Kiran.pdf: BaseEventLoop.run_in_executor() got an unexpected keyword argument 'normalize_embeddings'
2025-04-13 14:19:31,523 - ERROR - [process_file] - Error generating embeddings for SAURABH_PM.pdf: BaseEventLoop.run_in_executor() got an unexpected keyword argument 'normalize_embeddings'
2025-04-13 14:19:31,664 - ERROR - [process_file] - Error generating embeddings for Syed_Zia_Ashraf.pdf: BaseEventLoop.run_in_executor() got an unexpected keyword argument 'normalize_embeddings'
2025-04-13 14:19:31,788 - ERROR - [process_file] - Error generating embeddings for komal patel.pdf: BaseEventLoop.run_in_executor() got an unexpected keyword argument 'normalize_embeddings'
2025-04-13 14:19:31,915 - ERROR - [process_file] - Error generating embeddings for Tarun RESUME-BSAT.pdf: BaseEventLoop.run_in_executor() got an unexpected keyword argument 'normalize_embeddings'
2025-04-13 14:19:32,016 - ERROR - [process_file] - Error generating embeddings for Tanmay_Dam_Resume_BA.pdf: BaseEventLoop.run_in_executor() got an unexpected keyword argument 'normalize_embeddings'
2025-04-13 14:19:32,036 - ERROR - [process_file] - Error generating embeddings for Nilesh-resume_1_phplead.pdf: BaseEventLoop.run_in_executor() got an unexpected keyword argument 'normalize_embeddings'
2025-04-13 14:19:32,106 - ERROR - [process_file] - Error generating embeddings for Raju Goduguchinta_Technical Program Manager.pdf: BaseEventLoop.run_in_executor() got an unexpected keyword argument 'normalize_embeddings'
2025-04-13 14:19:32,173 - ERROR - [process_file] - Error generating embeddings for Mitali Barman_Resume.pdf: BaseEventLoop.run_in_executor() got an unexpected keyword argument 'normalize_embeddings'
2025-04-13 14:19:32,259 - ERROR - [process_file] - Error generating embeddings for Shaker Resume.pdf: BaseEventLoop.run_in_executor() got an unexpected keyword argument 'normalize_embeddings'
2025-04-13 14:19:32,388 - ERROR - [process_file] - Error generating embeddings for Niteesh Java Developer.pdf: BaseEventLoop.run_in_executor() got an unexpected keyword argument 'normalize_embeddings'
2025-04-13 14:19:32,491 - ERROR - [process_file] - Error generating embeddings for Shail_Tank-Business Analyst .pdf: BaseEventLoop.run_in_executor() got an unexpected keyword argument 'normalize_embeddings'
2025-04-13 14:19:32,555 - ERROR - [process_file] - Error generating embeddings for Balakrishna Sudabathula.pdf: BaseEventLoop.run_in_executor() got an unexpected keyword argument 'normalize_embeddings'
2025-04-13 14:19:32,649 - ERROR - [process_file] - Error generating embeddings for Resume_Spoorti Pandit_BSA.pdf: BaseEventLoop.run_in_executor() got an unexpected keyword argument 'normalize_embeddings'
2025-04-13 14:19:32,833 - ERROR - [process_file] - Error generating embeddings for nithin katapally.pdf: BaseEventLoop.run_in_executor() got an unexpected keyword argument 'normalize_embeddings'
2025-04-13 14:19:32,944 - ERROR - [process_file] - Error generating embeddings for Krishna Kuruvella.pdf: BaseEventLoop.run_in_executor() got an unexpected keyword argument 'normalize_embeddings'
2025-04-13 14:19:33,069 - ERROR - [process_file] - Error generating embeddings for Gopi.pdf: BaseEventLoop.run_in_executor() got an unexpected keyword argument 'normalize_embeddings'
2025-04-13 14:19:33,247 - ERROR - [process_file] - Error generating embeddings for Krishna Sr. BSA Resume.pdf: BaseEventLoop.run_in_executor() got an unexpected keyword argument 'normalize_embeddings'
2025-04-13 14:19:33,329 - ERROR - [process_file] - Error generating embeddings for Gokul Selvam S PM.pdf: BaseEventLoop.run_in_executor() got an unexpected keyword argument 'normalize_embeddings'
2025-04-13 14:19:33,423 - ERROR - [process_file] - Error generating embeddings for ram krishna.pdf: BaseEventLoop.run_in_executor() got an unexpected keyword argument 'normalize_embeddings'
2025-04-13 14:19:33,580 - ERROR - [process_file] - Error generating embeddings for vikas java.pdf: BaseEventLoop.run_in_executor() got an unexpected keyword argument 'normalize_embeddings'
2025-04-13 14:19:33,908 - ERROR - [process_file] - Error generating embeddings for Tarun Resume.pdf: BaseEventLoop.run_in_executor() got an unexpected keyword argument 'normalize_embeddings'
2025-04-13 14:19:33,993 - ERROR - [process_file] - Error generating embeddings for Akhil_Sr BSA.pdf: BaseEventLoop.run_in_executor() got an unexpected keyword argument 'normalize_embeddings'
2025-04-13 14:19:34,109 - ERROR - [process_file] - Error generating embeddings for ram nandyala.pdf: BaseEventLoop.run_in_executor() got an unexpected keyword argument 'normalize_embeddings'
2025-04-13 14:19:34,184 - ERROR - [process_file] - Error generating embeddings for Sharath Java.pdf: BaseEventLoop.run_in_executor() got an unexpected keyword argument 'normalize_embeddings'
2025-04-13 14:19:34,312 - ERROR - [process_file] - Error generating embeddings for Rohanu Resume.pdf: BaseEventLoop.run_in_executor() got an unexpected keyword argument 'normalize_embeddings'
2025-04-13 14:19:34,426 - ERROR - [process_file] - Error generating embeddings for Gururaja Murthy PMCPCSM.pdf: BaseEventLoop.run_in_executor() got an unexpected keyword argument 'normalize_embeddings'
2025-04-13 14:19:34,525 - ERROR - [process_file] - Error generating embeddings for Mohammad Resume.pdf: BaseEventLoop.run_in_executor() got an unexpected keyword argument 'normalize_embeddings'
2025-04-13 14:19:34,855 - ERROR - [process_file] - Error generating embeddings for Krishnapriya_BA.pdf: BaseEventLoop.run_in_executor() got an unexpected keyword argument 'normalize_embeddings'
2025-04-13 14:19:34,974 - ERROR - [process_file] - Error generating embeddings for Vikash_BA_Ab.pdf: BaseEventLoop.run_in_executor() got an unexpected keyword argument 'normalize_embeddings'
2025-04-13 14:19:35,060 - ERROR - [process_file] - Error generating embeddings for Bapuji Hadoop developer.pdf: BaseEventLoop.run_in_executor() got an unexpected keyword argument 'normalize_embeddings'
2025-04-13 14:19:35,174 - ERROR - [process_file] - Error generating embeddings for Harika_java.pdf: BaseEventLoop.run_in_executor() got an unexpected keyword argument 'normalize_embeddings'
2025-04-13 14:19:35,317 - ERROR - [process_file] - Error generating embeddings for Amar Sr BSA.pdf: BaseEventLoop.run_in_executor() got an unexpected keyword argument 'normalize_embeddings'
2025-04-13 14:19:35,452 - ERROR - [process_file] - Error generating embeddings for Sahas BA Resume.pdf: BaseEventLoop.run_in_executor() got an unexpected keyword argument 'normalize_embeddings'
2025-04-13 14:19:35,635 - ERROR - [process_file] - Error generating embeddings for nithin Reddy.pdf: BaseEventLoop.run_in_executor() got an unexpected keyword argument 'normalize_embeddings'
2025-04-13 14:19:35,693 - ERROR - [process_file] - Error generating embeddings for Othman - Project Manager.pdf: BaseEventLoop.run_in_executor() got an unexpected keyword argument 'normalize_embeddings'
2025-04-13 14:19:35,749 - ERROR - [process_file] - Error generating embeddings for Shashank.pdf: BaseEventLoop.run_in_executor() got an unexpected keyword argument 'normalize_embeddings'
2025-04-13 14:19:35,822 - ERROR - [process_file] - Error generating embeddings for Bharat Arora_CV_PMP _ ERP1.pdf: BaseEventLoop.run_in_executor() got an unexpected keyword argument 'normalize_embeddings'
2025-04-13 14:19:35,892 - ERROR - [process_file] - Error generating embeddings for mohid_rj.pdf: BaseEventLoop.run_in_executor() got an unexpected keyword argument 'normalize_embeddings'
2025-04-13 14:19:36,102 - ERROR - [process_file] - Error generating embeddings for Ramachandra EDA.pdf: BaseEventLoop.run_in_executor() got an unexpected keyword argument 'normalize_embeddings'
2025-04-13 14:19:36,209 - ERROR - [process_file] - Error generating embeddings for Haarika_BA.pdf: BaseEventLoop.run_in_executor() got an unexpected keyword argument 'normalize_embeddings'
2025-04-13 14:19:36,334 - ERROR - [process_file] - Error generating embeddings for Alekhya Resume.pdf: BaseEventLoop.run_in_executor() got an unexpected keyword argument 'normalize_embeddings'
2025-04-13 14:19:36,468 - ERROR - [process_file] - Error generating embeddings for Tarun.pdf: BaseEventLoop.run_in_executor() got an unexpected keyword argument 'normalize_embeddings'
2025-04-13 14:19:36,554 - ERROR - [process_file] - Error generating embeddings for Amrinder Business Analyst.pdf: BaseEventLoop.run_in_executor() got an unexpected keyword argument 'normalize_embeddings'
2025-04-13 14:19:36,647 - ERROR - [process_file] - Error generating embeddings for MounikaReddy.pdf: BaseEventLoop.run_in_executor() got an unexpected keyword argument 'normalize_embeddings'
2025-04-13 14:19:36,744 - ERROR - [process_file] - Error generating embeddings for harish S.pdf: BaseEventLoop.run_in_executor() got an unexpected keyword argument 'normalize_embeddings'
2025-04-13 14:19:36,856 - ERROR - [process_file] - Error generating embeddings for ronith s.pdf: BaseEventLoop.run_in_executor() got an unexpected keyword argument 'normalize_embeddings'
2025-04-13 14:19:36,960 - ERROR - [process_file] - Error generating embeddings for TeresaNeetipudi IT BA.pdf: BaseEventLoop.run_in_executor() got an unexpected keyword argument 'normalize_embeddings'
2025-04-13 14:19:37,051 - ERROR - [process_file] - Error generating embeddings for Vishnu BA Resume.pdf: BaseEventLoop.run_in_executor() got an unexpected keyword argument 'normalize_embeddings'
2025-04-13 14:19:37,223 - ERROR - [process_file] - Error generating embeddings for Pankaj BSA.pdf: BaseEventLoop.run_in_executor() got an unexpected keyword argument 'normalize_embeddings'
2025-04-13 14:19:37,281 - ERROR - [process_file] - Error generating embeddings for RAMYA BUSINESS ANALYST RESUME.pdf: BaseEventLoop.run_in_executor() got an unexpected keyword argument 'normalize_embeddings'
2025-04-13 14:19:37,424 - ERROR - [process_file] - Error generating embeddings for Krishna_BSA.pdf: BaseEventLoop.run_in_executor() got an unexpected keyword argument 'normalize_embeddings'
2025-04-13 14:19:37,776 - ERROR - [process_file] - Error generating embeddings for Nandini_Resume.pdf: BaseEventLoop.run_in_executor() got an unexpected keyword argument 'normalize_embeddings'
2025-04-13 14:19:37,906 - ERROR - [process_file] - Error generating embeddings for Krishna_SrJava.pdf: BaseEventLoop.run_in_executor() got an unexpected keyword argument 'normalize_embeddings'
2025-04-13 14:19:37,988 - ERROR - [process_file] - Error generating embeddings for ParthMPatel_BA.pdf: BaseEventLoop.run_in_executor() got an unexpected keyword argument 'normalize_embeddings'
2025-04-13 14:19:38,105 - ERROR - [process_file] - Error generating embeddings for Kumar Raj.pdf: BaseEventLoop.run_in_executor() got an unexpected keyword argument 'normalize_embeddings'
2025-04-13 14:19:38,250 - ERROR - [process_file] - Error generating embeddings for Vinay.D_Resume.pdf: BaseEventLoop.run_in_executor() got an unexpected keyword argument 'normalize_embeddings'
2025-04-13 14:19:38,346 - ERROR - [process_file] - Error generating embeddings for Brahma-Resume (BA).pdf: BaseEventLoop.run_in_executor() got an unexpected keyword argument 'normalize_embeddings'
2025-04-13 14:19:38,450 - ERROR - [process_file] - Error generating embeddings for Mounika health care resume.pdf: BaseEventLoop.run_in_executor() got an unexpected keyword argument 'normalize_embeddings'
2025-04-13 14:19:38,587 - ERROR - [process_file] - Error generating embeddings for sai k.pdf: BaseEventLoop.run_in_executor() got an unexpected keyword argument 'normalize_embeddings'
2025-04-13 14:19:38,721 - ERROR - [process_file] - Error generating embeddings for Shiuli Mahmud.pdf: BaseEventLoop.run_in_executor() got an unexpected keyword argument 'normalize_embeddings'
2025-04-13 14:19:38,809 - ERROR - [process_file] - Error generating embeddings for Tejaswi-resume.pdf: BaseEventLoop.run_in_executor() got an unexpected keyword argument 'normalize_embeddings'
2025-04-13 14:19:38,963 - ERROR - [process_file] - Error generating embeddings for Tarun_Developer.pdf: BaseEventLoop.run_in_executor() got an unexpected keyword argument 'normalize_embeddings'
2025-04-13 14:19:39,077 - ERROR - [process_file] - Error generating embeddings for Sahithi K.pdf: BaseEventLoop.run_in_executor() got an unexpected keyword argument 'normalize_embeddings'
2025-04-13 14:19:39,199 - ERROR - [process_file] - Error generating embeddings for Ami Jape.pdf: BaseEventLoop.run_in_executor() got an unexpected keyword argument 'normalize_embeddings'
2025-04-13 14:19:39,273 - ERROR - [process_file] - Error generating embeddings for Bharatha BA Resume.pdf: BaseEventLoop.run_in_executor() got an unexpected keyword argument 'normalize_embeddings'
2025-04-13 14:19:39,344 - ERROR - [process_file] - Error generating embeddings for Vishal S..pdf: BaseEventLoop.run_in_executor() got an unexpected keyword argument 'normalize_embeddings'
2025-04-13 14:19:39,499 - ERROR - [process_file] - Error generating embeddings for mounika BA resume 7.pdf: BaseEventLoop.run_in_executor() got an unexpected keyword argument 'normalize_embeddings'
2025-04-13 14:19:39,610 - ERROR - [process_file] - Error generating embeddings for Ramteja Motupalli.pdf: BaseEventLoop.run_in_executor() got an unexpected keyword argument 'normalize_embeddings'
2025-04-13 14:19:39,707 - ERROR - [process_file] - Error generating embeddings for Shelly Woods.pdf: BaseEventLoop.run_in_executor() got an unexpected keyword argument 'normalize_embeddings'
2025-04-13 14:19:39,842 - ERROR - [process_file] - Error generating embeddings for Harish K.pdf: BaseEventLoop.run_in_executor() got an unexpected keyword argument 'normalize_embeddings'
2025-04-13 14:19:40,047 - ERROR - [process_file] - Error generating embeddings for Santosh Arugula BA.pdf: BaseEventLoop.run_in_executor() got an unexpected keyword argument 'normalize_embeddings'
2025-04-13 14:19:40,140 - ERROR - [process_file] - Error generating embeddings for RaviRaju_Resume.pdf: BaseEventLoop.run_in_executor() got an unexpected keyword argument 'normalize_embeddings'
2025-04-13 14:19:40,263 - ERROR - [process_file] - Error generating embeddings for Varun Kumar.pdf: BaseEventLoop.run_in_executor() got an unexpected keyword argument 'normalize_embeddings'
2025-04-13 14:19:40,397 - ERROR - [process_file] - Error generating embeddings for kalyan das.pdf: BaseEventLoop.run_in_executor() got an unexpected keyword argument 'normalize_embeddings'
2025-04-13 14:19:40,470 - ERROR - [process_file] - Error generating embeddings for Dhanalaxmi -BA.pdf: BaseEventLoop.run_in_executor() got an unexpected keyword argument 'normalize_embeddings'
2025-04-13 14:19:40,633 - ERROR - [process_file] - Error generating embeddings for vema reddy.pdf: BaseEventLoop.run_in_executor() got an unexpected keyword argument 'normalize_embeddings'
2025-04-13 14:19:40,726 - ERROR - [process_file] - Error generating embeddings for Vishnu J.pdf: BaseEventLoop.run_in_executor() got an unexpected keyword argument 'normalize_embeddings'
2025-04-13 14:19:40,809 - ERROR - [process_file] - Error generating embeddings for Kuppurajbabu_BA.pdf: BaseEventLoop.run_in_executor() got an unexpected keyword argument 'normalize_embeddings'
2025-04-13 14:19:40,904 - ERROR - [process_file] - Error generating embeddings for Praveen T.pdf: BaseEventLoop.run_in_executor() got an unexpected keyword argument 'normalize_embeddings'
2025-04-13 14:19:40,975 - ERROR - [process_file] - Error generating embeddings for Sai Krishna BA.pdf: BaseEventLoop.run_in_executor() got an unexpected keyword argument 'normalize_embeddings'
2025-04-13 14:19:41,063 - ERROR - [process_file] - Error generating embeddings for Shiva G-Java Resume.pdf: BaseEventLoop.run_in_executor() got an unexpected keyword argument 'normalize_embeddings'
2025-04-13 14:19:41,101 - ERROR - [process_file] - Error generating embeddings for Jennifer  M. Conte.pdf: BaseEventLoop.run_in_executor() got an unexpected keyword argument 'normalize_embeddings'
2025-04-13 14:19:41,195 - ERROR - [process_file] - Error generating embeddings for Reddemma_Lankipalle.pdf: BaseEventLoop.run_in_executor() got an unexpected keyword argument 'normalize_embeddings'
2025-04-13 14:19:41,295 - ERROR - [process_file] - Error generating embeddings for Spoorthi Finance BSA Resume.pdf: BaseEventLoop.run_in_executor() got an unexpected keyword argument 'normalize_embeddings'
2025-04-13 14:19:41,398 - ERROR - [process_file] - Error generating embeddings for Manikanta P.pdf: BaseEventLoop.run_in_executor() got an unexpected keyword argument 'normalize_embeddings'
2025-04-13 14:19:41,520 - ERROR - [process_file] - Error generating embeddings for Naveen.S_Resume.pdf: BaseEventLoop.run_in_executor() got an unexpected keyword argument 'normalize_embeddings'
2025-04-13 14:19:41,651 - ERROR - [process_file] - Error generating embeddings for avinash G.pdf: BaseEventLoop.run_in_executor() got an unexpected keyword argument 'normalize_embeddings'
2025-04-13 14:19:41,785 - ERROR - [process_file] - Error generating embeddings for Priyanka Sr BSA Resume.pdf: BaseEventLoop.run_in_executor() got an unexpected keyword argument 'normalize_embeddings'
2025-04-13 14:19:41,905 - ERROR - [process_file] - Error generating embeddings for Vivek.BSA.pdf: BaseEventLoop.run_in_executor() got an unexpected keyword argument 'normalize_embeddings'
2025-04-13 14:19:41,980 - ERROR - [process_file] - Error generating embeddings for B Suresh Kumar_Project Manager_1.pdf: BaseEventLoop.run_in_executor() got an unexpected keyword argument 'normalize_embeddings'
2025-04-13 14:19:42,175 - ERROR - [process_file] - Error generating embeddings for Srivatsan_Project_Manager.pdf: BaseEventLoop.run_in_executor() got an unexpected keyword argument 'normalize_embeddings'
2025-04-13 14:19:42,257 - ERROR - [process_file] - Error generating embeddings for Raja Santhosam_PM Scrum Master.pdf: BaseEventLoop.run_in_executor() got an unexpected keyword argument 'normalize_embeddings'
2025-04-13 14:19:42,346 - ERROR - [process_file] - Error generating embeddings for Resume - PM Agile-Scrum.pdf: BaseEventLoop.run_in_executor() got an unexpected keyword argument 'normalize_embeddings'
2025-04-13 14:19:42,472 - ERROR - [process_file] - Error generating embeddings for Navneeth Resume.pdf: BaseEventLoop.run_in_executor() got an unexpected keyword argument 'normalize_embeddings'
2025-04-13 14:19:42,589 - ERROR - [process_file] - Error generating embeddings for sanjay kumar.pdf: BaseEventLoop.run_in_executor() got an unexpected keyword argument 'normalize_embeddings'
2025-04-13 14:19:42,713 - ERROR - [process_file] - Error generating embeddings for Sudhakar Reddy.pdf: BaseEventLoop.run_in_executor() got an unexpected keyword argument 'normalize_embeddings'
2025-04-13 14:19:42,793 - ERROR - [process_file] - Error generating embeddings for Jimi_Desai_PM.pdf: BaseEventLoop.run_in_executor() got an unexpected keyword argument 'normalize_embeddings'
2025-04-13 14:19:42,879 - ERROR - [process_file] - Error generating embeddings for B Shaker-Sr BSA-Scrum Master .pdf: BaseEventLoop.run_in_executor() got an unexpected keyword argument 'normalize_embeddings'
2025-04-13 14:19:42,973 - ERROR - [process_file] - Error generating embeddings for Resume - Kishore Kotapati - 218E - BA.pdf: BaseEventLoop.run_in_executor() got an unexpected keyword argument 'normalize_embeddings'
2025-04-13 14:19:43,032 - ERROR - [process_file] - Error generating embeddings for SaravanaKumar.pdf: BaseEventLoop.run_in_executor() got an unexpected keyword argument 'normalize_embeddings'
2025-04-13 14:19:43,084 - ERROR - [process_file] - Error generating embeddings for Vamshi Teja_Business Analyst.pdf: BaseEventLoop.run_in_executor() got an unexpected keyword argument 'normalize_embeddings'
2025-04-13 14:19:43,174 - ERROR - [process_file] - Error generating embeddings for Manohar B.pdf: BaseEventLoop.run_in_executor() got an unexpected keyword argument 'normalize_embeddings'
2025-04-13 14:19:43,314 - ERROR - [process_file] - Error generating embeddings for Sarath M.pdf: BaseEventLoop.run_in_executor() got an unexpected keyword argument 'normalize_embeddings'
2025-04-13 14:19:43,475 - ERROR - [process_file] - Error generating embeddings for Randy Adams.pdf: BaseEventLoop.run_in_executor() got an unexpected keyword argument 'normalize_embeddings'
2025-04-13 14:19:43,710 - ERROR - [process_file] - Error generating embeddings for manish_singh_resume.pdf: BaseEventLoop.run_in_executor() got an unexpected keyword argument 'normalize_embeddings'
2025-04-13 14:19:43,817 - ERROR - [process_file] - Error generating embeddings for Neha Mugghala.pdf: BaseEventLoop.run_in_executor() got an unexpected keyword argument 'normalize_embeddings'
2025-04-13 14:19:43,895 - ERROR - [process_file] - Error generating embeddings for Priya_Sharma.pdf: BaseEventLoop.run_in_executor() got an unexpected keyword argument 'normalize_embeddings'
2025-04-13 14:19:43,959 - ERROR - [process_file] - Error generating embeddings for Venkata_Sr.PHP_Developer.pdf: BaseEventLoop.run_in_executor() got an unexpected keyword argument 'normalize_embeddings'
2025-04-13 14:19:44,206 - ERROR - [process_file] - Error generating embeddings for Madhuri Pawar.pdf: BaseEventLoop.run_in_executor() got an unexpected keyword argument 'normalize_embeddings'
2025-04-13 14:19:44,364 - ERROR - [process_file] - Error generating embeddings for Pavan Kumar Full Stack Java Developer.pdf: BaseEventLoop.run_in_executor() got an unexpected keyword argument 'normalize_embeddings'
2025-04-13 14:19:44,525 - ERROR - [process_file] - Error generating embeddings for jeck P.pdf: BaseEventLoop.run_in_executor() got an unexpected keyword argument 'normalize_embeddings'
2025-04-13 14:19:44,658 - ERROR - [process_file] - Error generating embeddings for Nikhil.pdf: BaseEventLoop.run_in_executor() got an unexpected keyword argument 'normalize_embeddings'
2025-04-13 14:19:44,803 - ERROR - [process_file] - Error generating embeddings for Sumanth Manne Java Developer.pdf: BaseEventLoop.run_in_executor() got an unexpected keyword argument 'normalize_embeddings'
2025-04-13 14:19:44,819 - ERROR - [process_file] - Error generating embeddings for employer_mounika details.pdf: BaseEventLoop.run_in_executor() got an unexpected keyword argument 'normalize_embeddings'
2025-04-13 14:19:44,918 - ERROR - [process_file] - Error generating embeddings for Achyuth Resume_8.pdf: BaseEventLoop.run_in_executor() got an unexpected keyword argument 'normalize_embeddings'
2025-04-13 14:19:45,007 - ERROR - [process_file] - Error generating embeddings for Mani_Hadoop.pdf: BaseEventLoop.run_in_executor() got an unexpected keyword argument 'normalize_embeddings'
2025-04-13 14:19:45,094 - ERROR - [process_file] - Error generating embeddings for Resume - Sr PM.pdf: BaseEventLoop.run_in_executor() got an unexpected keyword argument 'normalize_embeddings'
2025-04-13 14:19:45,180 - ERROR - [process_file] - Error generating embeddings for Abiral_Pandey_Fullstack_Java.pdf: BaseEventLoop.run_in_executor() got an unexpected keyword argument 'normalize_embeddings'
2025-04-13 14:19:45,292 - ERROR - [process_file] - Error generating embeddings for Drakshajavauidev.pdf: BaseEventLoop.run_in_executor() got an unexpected keyword argument 'normalize_embeddings'
2025-04-13 14:19:45,427 - ERROR - [process_file] - Error generating embeddings for chenna kesava.pdf: BaseEventLoop.run_in_executor() got an unexpected keyword argument 'normalize_embeddings'
2025-04-13 14:19:45,531 - ERROR - [process_file] - Error generating embeddings for Deepika DC.pdf: BaseEventLoop.run_in_executor() got an unexpected keyword argument 'normalize_embeddings'
2025-04-13 14:19:45,678 - ERROR - [process_file] - Error generating embeddings for Kashyap K. Vora resume.pdf: BaseEventLoop.run_in_executor() got an unexpected keyword argument 'normalize_embeddings'
2025-04-13 14:19:45,793 - ERROR - [process_file] - Error generating embeddings for BA - Abhishek.pdf: BaseEventLoop.run_in_executor() got an unexpected keyword argument 'normalize_embeddings'
2025-04-13 14:19:45,942 - ERROR - [process_file] - Error generating embeddings for Praveen B.pdf: BaseEventLoop.run_in_executor() got an unexpected keyword argument 'normalize_embeddings'
2025-04-13 14:19:46,123 - ERROR - [process_file] - Error generating embeddings for Sundar_Java_8+ Years..pdf: BaseEventLoop.run_in_executor() got an unexpected keyword argument 'normalize_embeddings'
2025-04-13 14:19:46,223 - ERROR - [process_file] - Error generating embeddings for Business Analyst_GHyma.pdf: BaseEventLoop.run_in_executor() got an unexpected keyword argument 'normalize_embeddings'
2025-04-13 14:19:46,294 - ERROR - [process_file] - Error generating embeddings for Chandler_BA.pdf: BaseEventLoop.run_in_executor() got an unexpected keyword argument 'normalize_embeddings'
2025-04-13 14:19:46,358 - ERROR - [process_file] - Error generating embeddings for HARI_Sr.Java Developer.pdf: BaseEventLoop.run_in_executor() got an unexpected keyword argument 'normalize_embeddings'
2025-04-13 14:19:46,449 - ERROR - [process_file] - Error generating embeddings for Pavan Sr Business Analyst resume.pdf: BaseEventLoop.run_in_executor() got an unexpected keyword argument 'normalize_embeddings'
2025-04-13 14:19:46,589 - ERROR - [process_file] - Error generating embeddings for Tushar Patel.pdf: BaseEventLoop.run_in_executor() got an unexpected keyword argument 'normalize_embeddings'
2025-04-13 14:19:46,652 - ERROR - [process_file] - Error generating embeddings for Ranjan_Project Manager-Scrum Master.pdf: BaseEventLoop.run_in_executor() got an unexpected keyword argument 'normalize_embeddings'
2025-04-13 14:19:46,707 - ERROR - [process_file] - Error generating embeddings for Smita Kamble_Resume.pdf: BaseEventLoop.run_in_executor() got an unexpected keyword argument 'normalize_embeddings'
2025-04-13 14:19:46,778 - ERROR - [process_file] - Error generating embeddings for Mounika_P.pdf: BaseEventLoop.run_in_executor() got an unexpected keyword argument 'normalize_embeddings'
2025-04-13 14:19:46,849 - ERROR - [process_file] - Error generating embeddings for KY BA PM UPDATED RESUME .pdf: BaseEventLoop.run_in_executor() got an unexpected keyword argument 'normalize_embeddings'
2025-04-13 14:19:46,936 - ERROR - [process_file] - Error generating embeddings for Uday_Maripelly.pdf: BaseEventLoop.run_in_executor() got an unexpected keyword argument 'normalize_embeddings'
2025-04-13 14:19:47,071 - ERROR - [process_file] - Error generating embeddings for Amulya Komatineni.pdf: BaseEventLoop.run_in_executor() got an unexpected keyword argument 'normalize_embeddings'
2025-04-13 14:19:47,276 - ERROR - [process_file] - Error generating embeddings for AnilAgarwal.pdf: BaseEventLoop.run_in_executor() got an unexpected keyword argument 'normalize_embeddings'
2025-04-13 14:19:47,377 - ERROR - [process_file] - Error generating embeddings for Harshitha Challa.pdf: BaseEventLoop.run_in_executor() got an unexpected keyword argument 'normalize_embeddings'
2025-04-13 14:19:47,521 - ERROR - [process_file] - Error generating embeddings for Rao_Java.pdf: BaseEventLoop.run_in_executor() got an unexpected keyword argument 'normalize_embeddings'
2025-04-13 14:19:47,579 - ERROR - [process_file] - Error generating embeddings for Vivek Joshi_CV.pdf: BaseEventLoop.run_in_executor() got an unexpected keyword argument 'normalize_embeddings'
2025-04-13 14:19:47,645 - ERROR - [process_file] - Error generating embeddings for Sai kumar.pdf: BaseEventLoop.run_in_executor() got an unexpected keyword argument 'normalize_embeddings'
2025-04-13 14:19:47,947 - ERROR - [process_file] - Error generating embeddings for Murali_Project Manager QA.pdf: BaseEventLoop.run_in_executor() got an unexpected keyword argument 'normalize_embeddings'
2025-04-13 14:19:48,116 - ERROR - [process_file] - Error generating embeddings for Anil Krishna Mogalaturthi.pdf: BaseEventLoop.run_in_executor() got an unexpected keyword argument 'normalize_embeddings'
2025-04-13 14:19:48,259 - ERROR - [process_file] - Error generating embeddings for Sougandh_Java Fullstack Developer.pdf: BaseEventLoop.run_in_executor() got an unexpected keyword argument 'normalize_embeddings'
2025-04-13 14:19:48,301 - INFO - [process_all_files] - Total new sentences found: 0
2025-04-13 14:19:48,309 - INFO - [main] - Initializing search components...
2025-04-13 14:19:48,309 - INFO - [fit_tfidf] - Fitting TF-IDF vectorizer for RAGRetriever...
2025-04-13 14:19:48,310 - INFO - [fit] - Fitting TF-IDF for KeywordSearcher...
2025-04-13 14:19:48,312 - WARNING - [fit_tfidf] - No metadata found to fit TF-IDF.
2025-04-13 14:19:48,312 - WARNING - [fit] - No metadata found for KeywordSearcher TF-IDF fitting.
2025-04-13 14:19:48,314 - INFO - [main] - Search components initialized and TF-IDF fitted.
2025-04-13 14:25:11,582 - INFO - [initialize_database] - Database initialized at resume_engine.db
2025-04-13 14:25:11,583 - INFO - [main] - Loading Sentence Transformer model: intfloat/e5-large
2025-04-13 14:25:11,583 - INFO - [__init__] - Load pretrained SentenceTransformer: intfloat/e5-large
2025-04-13 14:25:15,568 - INFO - [__init__] - Use pytorch device_name: cpu
2025-04-13 14:25:15,605 - INFO - [process_all_files] - Found 226 supported files.
2025-04-13 14:25:15,611 - INFO - [process_all_files] - Found 0 existing sentence hashes in DB.
2025-04-13 14:30:51,788 - INFO - [process_file] - Generated 95 embeddings for Dantu Padmasri - Project Manager.pdf
2025-04-13 14:31:11,146 - INFO - [process_file] - Generated 97 embeddings for Sravani Battu.pdf
2025-04-13 14:31:26,438 - INFO - [process_file] - Generated 107 embeddings for Jagan S Iyer PM.pdf
2025-04-13 14:32:02,089 - INFO - [process_file] - Generated 107 embeddings for Prashant Chawda_resume.pdf
2025-04-13 14:32:21,397 - INFO - [process_file] - Generated 102 embeddings for Atul_Mathur_Resume.pdf
2025-04-13 14:33:27,942 - INFO - [process_file] - Generated 155 embeddings for PM RESUME.pdf
2025-04-13 14:34:54,957 - INFO - [process_file] - Generated 188 embeddings for Utthan Silawal12.pdf
2025-04-13 14:34:56,374 - INFO - [process_file] - Generated 187 embeddings for Santosh Arugula BA.pdf
2025-04-13 14:37:20,058 - INFO - [process_file] - Generated 209 embeddings for Spoorthi Finance BSA Resume.pdf
2025-04-13 14:37:40,413 - INFO - [process_file] - Generated 223 embeddings for Manikanta P.pdf
2025-04-13 14:37:49,711 - INFO - [process_file] - Generated 222 embeddings for madhuri_java.pdf
2025-04-13 14:37:54,133 - INFO - [process_file] - Generated 244 embeddings for Sravani Singirikonda.pdf
2025-04-13 14:38:34,274 - INFO - [process_file] - Generated 198 embeddings for Ravi Reddy.pdf
2025-04-13 14:38:42,245 - INFO - [process_file] - Generated 244 embeddings for Ashok Jayakumar - PM.pdf
2025-04-13 14:39:39,801 - INFO - [process_file] - Generated 235 embeddings for Yugesh_Resume.pdf
2025-04-13 14:39:54,149 - INFO - [process_file] - Generated 170 embeddings for Sr. Business Analyst.pdf
2025-04-13 14:39:57,859 - INFO - [process_file] - Generated 189 embeddings for Ujvala BA Feb 20.pdf
2025-04-13 14:40:33,108 - INFO - [process_file] - Generated 289 embeddings for sairithvik alla.pdf
2025-04-13 14:41:09,214 - INFO - [process_file] - Generated 19 embeddings for Samir Naik-NJ - Mar 2018-V3.0.pdf
2025-04-13 14:42:35,574 - INFO - [process_file] - Generated 148 embeddings for Samir Naik-NJ - Feb 2018-V6.0.pdf
2025-04-13 14:43:46,842 - INFO - [process_file] - Generated 240 embeddings for Jaya prakash.pdf
2025-04-13 14:43:59,882 - INFO - [process_file] - Generated 268 embeddings for Naveen Kumar Bandela.pdf
2025-04-13 14:45:34,386 - INFO - [process_file] - Generated 221 embeddings for Deepika DC.pdf
2025-04-13 14:45:40,303 - INFO - [process_file] - Generated 121 embeddings for Madhu_BA_AW.pdf
2025-04-13 14:46:29,111 - INFO - [process_file] - Generated 260 embeddings for Naren Sr.BA .pdf
2025-04-13 14:48:36,059 - INFO - [process_file] - Generated 339 embeddings for Sri Gati.pdf
2025-04-13 14:51:25,638 - INFO - [process_file] - Generated 228 embeddings for Naresh V.pdf
2025-04-13 14:52:40,603 - INFO - [process_file] - Generated 242 embeddings for Vivek.BSA.pdf
2025-04-13 14:53:44,034 - INFO - [process_file] - Generated 156 embeddings for Avathika BA-Healthcare_.pdf
2025-04-13 14:53:52,803 - INFO - [process_file] - Generated 287 embeddings for Sai Srinivas_Sr_Java_Developer.pdf
2025-04-13 14:54:31,967 - INFO - [process_file] - Generated 300 embeddings for ravikiran JALASUTRAPU.pdf
2025-04-13 14:55:39,923 - INFO - [process_file] - Generated 246 embeddings for Naveen Arora.pdf
2025-04-13 14:57:40,456 - INFO - [process_file] - Generated 215 embeddings for Jayadattaperi N.pdf
2025-04-13 14:58:13,036 - INFO - [process_file] - Generated 255 embeddings for RaviBurra_Certified PM_DevOps.pdf
2025-04-13 14:59:03,193 - INFO - [process_file] - Generated 270 embeddings for mahesh_Java.pdf
2025-04-13 15:00:12,739 - INFO - [process_file] - Generated 286 embeddings for Vamshi L.pdf
2025-04-13 15:01:20,778 - INFO - [process_file] - Generated 234 embeddings for Ashwini J2EE Developer.pdf
2025-04-13 15:01:23,270 - INFO - [process_file] - Generated 283 embeddings for srinivas b.pdf
2025-04-13 15:01:24,510 - INFO - [process_file] - Generated 189 embeddings for jagadeesh k.pdf
2025-04-13 15:02:11,567 - INFO - [process_file] - Generated 58 embeddings for Naren Sr.BA.pdf
2025-04-13 15:02:15,411 - INFO - [process_file] - Generated 204 embeddings for V Ashok A.pdf
2025-04-13 15:03:50,751 - INFO - [process_file] - Generated 168 embeddings for Ravi Pattar- Sr. Agile Program manager.pdf
2025-04-13 15:05:53,026 - INFO - [process_file] - Generated 156 embeddings for CHETAN_Sr Java Developer.pdf
2025-04-13 15:06:29,796 - INFO - [process_file] - Generated 164 embeddings for Anudeep N_Sr Java Developer.pdf
2025-04-13 15:07:18,052 - INFO - [process_file] - Generated 286 embeddings for Pranay P.pdf
2025-04-13 15:09:17,449 - INFO - [process_file] - Generated 489 embeddings for Pierre John.pdf
2025-04-13 15:09:43,681 - INFO - [process_file] - Generated 105 embeddings for Balakrishna Sudabathula.pdf
2025-04-13 15:12:41,139 - INFO - [process_file] - Generated 203 embeddings for Venkat_BA.pdf
2025-04-13 15:13:15,399 - INFO - [process_file] - Generated 166 embeddings for Raja Santhosam_PM Scrum Master.pdf
2025-04-13 15:13:38,209 - INFO - [process_file] - Generated 266 embeddings for madhuri R.pdf
2025-04-13 15:14:00,089 - INFO - [process_file] - Generated 291 embeddings for Saiteja G.pdf
2025-04-13 15:14:16,087 - INFO - [process_file] - Generated 219 embeddings for BA - Navneet.pdf
2025-04-13 15:15:11,975 - INFO - [process_file] - Generated 189 embeddings for Satish Reddy.pdf
2025-04-13 15:15:12,576 - INFO - [process_file] - Generated 120 embeddings for Raju Goduguchinta_Technical Program Manager.pdf
2025-04-13 15:15:29,331 - INFO - [process_file] - Generated 276 embeddings for Yohan BSA.pdf
2025-04-13 15:17:24,378 - INFO - [process_file] - Generated 220 embeddings for Krishna Sr. BSA Resume.pdf
2025-04-13 15:18:22,184 - INFO - [process_file] - Generated 349 embeddings for Dave.pdf
2025-04-13 15:18:23,222 - INFO - [process_file] - Generated 71 embeddings for Mohamad Jamil.pdf
2025-04-13 15:20:18,530 - INFO - [process_file] - Generated 37 embeddings for Nilesh-resume_1_phplead.pdf
2025-04-13 15:20:57,504 - INFO - [process_file] - Generated 145 embeddings for Mitali Barman_Resume.pdf
2025-04-13 15:21:01,992 - INFO - [process_file] - Generated 57 embeddings for Rajesh_k.pdf
2025-04-13 15:21:27,642 - INFO - [process_file] - Generated 265 embeddings for KIRAN KUMAR.pdf
2025-04-13 15:21:30,999 - INFO - [process_file] - Generated 200 embeddings for Robinson.pdf
2025-04-13 15:23:23,481 - INFO - [process_file] - Generated 253 embeddings for Gopi.pdf
2025-04-13 15:23:30,220 - INFO - [process_file] - Generated 243 embeddings for Tarun RESUME-BSAT.pdf
2025-04-13 15:24:42,424 - INFO - [process_file] - Generated 149 embeddings for Gokul Selvam S PM.pdf
2025-04-13 15:27:57,220 - INFO - [process_file] - Generated 219 embeddings for Krishna Kuruvella.pdf
2025-04-13 15:28:09,584 - INFO - [process_file] - Generated 225 embeddings for Shail_Tank-Business Analyst .pdf
2025-04-13 15:28:17,356 - INFO - [process_file] - Generated 210 embeddings for Balaji Gopalakrishnan Project Manager.pdf
2025-04-13 15:28:41,060 - INFO - [process_file] - Generated 144 embeddings for Resume2018March.pdf
2025-04-13 15:29:54,098 - INFO - [process_file] - Generated 133 embeddings for SAURABH_PM.pdf
2025-04-13 15:30:07,874 - INFO - [process_file] - Generated 166 embeddings for BA Kiran.pdf
2025-04-13 15:30:31,715 - INFO - [process_file] - Generated 350 embeddings for manohar.B.pdf
2025-04-13 15:30:38,506 - INFO - [process_file] - Generated 164 embeddings for BA with INV.pdf
2025-04-13 15:30:43,103 - INFO - [process_file] - Generated 205 embeddings for Resume_Spoorti Pandit_BSA.pdf
2025-04-13 15:30:54,304 - INFO - [process_file] - Generated 272 embeddings for Niteesh Java Developer.pdf
2025-04-13 15:32:23,596 - INFO - [process_file] - Generated 129 embeddings for Rajendra-PMP-CSM.pdf
2025-04-13 15:32:54,984 - INFO - [process_file] - Generated 234 embeddings for Vijay Bhargav.pdf
2025-04-13 15:33:18,254 - INFO - [process_file] - Generated 75 embeddings for Adelina_Erimia_PMP1.pdf
2025-04-13 15:34:12,216 - INFO - [process_file] - Generated 168 embeddings for Adhi Gopalam - SM.pdf
2025-04-13 15:36:45,892 - INFO - [process_file] - Generated 133 embeddings for Nikki_Nimmagadd.pdf
2025-04-13 15:37:35,762 - INFO - [process_file] - Generated 98 embeddings for Francis Gomes Resume.pdf
2025-04-13 15:39:57,788 - INFO - [process_file] - Generated 115 embeddings for Gautami Bulusu Mobile Testing 3.pdf
2025-04-13 15:41:57,004 - INFO - [process_file] - Generated 181 embeddings for Shaker Resume.pdf
2025-04-13 15:42:10,880 - INFO - [process_file] - Generated 122 embeddings for Tanmay_Dam_Resume_BA.pdf
2025-04-13 15:45:00,266 - INFO - [process_file] - Generated 202 embeddings for ram krishna.pdf
2025-04-13 15:45:10,388 - INFO - [process_file] - Generated 203 embeddings for Akhil.profile.pdf
2025-04-13 15:46:46,706 - INFO - [process_file] - Generated 317 embeddings for Komala BSA Resume.pdf
2025-04-13 15:47:24,348 - INFO - [process_file] - Generated 300 embeddings for Syed_Zia_Ashraf.pdf
2025-04-13 15:48:02,524 - INFO - [process_file] - Generated 194 embeddings for Resume Vishal PM - MSIS, PMP-PMI.pdf
2025-04-13 15:48:41,009 - INFO - [process_file] - Generated 25 embeddings for Akhil_Sr BSA.pdf
2025-04-13 15:49:29,106 - INFO - [process_file] - Generated 239 embeddings for komal patel.pdf
2025-04-13 15:50:50,653 - INFO - [process_file] - Generated 399 embeddings for nithin katapally.pdf
2025-04-13 15:53:44,539 - INFO - [process_file] - Generated 275 embeddings for venu b.pdf
2025-04-13 15:54:58,395 - INFO - [process_file] - Generated 286 embeddings for Nikith Reddy.pdf
2025-04-13 15:55:09,193 - INFO - [process_file] - Generated 252 embeddings for Satish Uduta.pdf
2025-04-13 15:55:19,801 - INFO - [process_file] - Generated 252 embeddings for VIJETHA G.pdf
2025-04-13 15:57:53,350 - INFO - [process_file] - Generated 229 embeddings for Gururaja Murthy PMCPCSM.pdf
2025-04-13 15:59:50,445 - INFO - [process_file] - Generated 149 embeddings for Sharath Java.pdf
2025-04-13 15:59:54,397 - INFO - [process_file] - Generated 139 embeddings for Tarun Resume.pdf
2025-04-13 16:00:18,442 - INFO - [process_file] - Generated 359 embeddings for AjayKumar.pdf
2025-04-13 16:00:24,421 - INFO - [process_file] - Generated 232 embeddings for Rohanu Resume.pdf
2025-04-13 16:01:32,652 - INFO - [process_file] - Generated 321 embeddings for SUNITHA Project Manager (1).pdf
2025-04-13 16:01:43,267 - INFO - [process_file] - Generated 182 embeddings for Mohammad Resume.pdf
2025-04-13 16:02:07,956 - INFO - [process_file] - Generated 341 embeddings for vikas java.pdf
2025-04-13 16:02:22,638 - INFO - [process_file] - Generated 219 embeddings for Haarika_BA.pdf
2025-04-13 16:04:05,900 - INFO - [process_file] - Generated 135 embeddings for Bharatha BA Resume.pdf
2025-04-13 16:05:50,693 - INFO - [process_file] - Generated 219 embeddings for Alekhya Resume.pdf
2025-04-13 16:06:47,570 - INFO - [process_file] - Generated 368 embeddings for Manohar Reddy.pdf
2025-04-13 16:07:40,900 - INFO - [process_file] - Generated 278 embeddings for Sahas BA Resume.pdf
2025-04-13 16:08:52,036 - INFO - [process_file] - Generated 102 embeddings for RAMYA BUSINESS ANALYST RESUME.pdf
2025-04-13 16:09:02,702 - INFO - [process_file] - Generated 251 embeddings for Ami Jape.pdf
2025-04-13 16:11:01,432 - INFO - [process_file] - Generated 238 embeddings for Vikash_BA_Ab.pdf
2025-04-13 16:12:05,824 - INFO - [process_file] - Generated 138 embeddings for Bharat Arora_CV_PMP _ ERP1.pdf
2025-04-13 16:13:59,797 - INFO - [process_file] - Generated 155 embeddings for Tejaswi-resume.pdf
2025-04-13 16:14:07,532 - INFO - [process_file] - Generated 202 embeddings for nithin Reddy.pdf
2025-04-13 16:14:54,664 - INFO - [process_file] - Generated 178 embeddings for Bapuji Hadoop developer.pdf
2025-04-13 16:15:31,744 - INFO - [process_file] - Generated 132 embeddings for Vishal S..pdf
2025-04-13 16:15:41,545 - INFO - [process_file] - Generated 308 embeddings for Shiuli Mahmud.pdf
2025-04-13 16:15:57,680 - INFO - [process_file] - Generated 224 embeddings for Sahithi K.pdf
2025-04-13 16:16:28,380 - INFO - [process_file] - Generated 206 embeddings for Mounika health care resume.pdf
2025-04-13 16:18:11,437 - INFO - [process_file] - Generated 206 embeddings for Shelly Woods.pdf
2025-04-13 16:18:43,174 - INFO - [process_file] - Generated 223 embeddings for Pankaj BSA.pdf
2025-04-13 16:18:48,471 - INFO - [process_file] - Generated 106 embeddings for Othman - Project Manager.pdf
2025-04-13 16:19:26,495 - INFO - [process_file] - Generated 253 embeddings for Harika_java.pdf
2025-04-13 16:20:03,566 - INFO - [process_file] - Generated 185 embeddings for Vishnu BA Resume.pdf
2025-04-13 16:20:59,958 - INFO - [process_file] - Generated 61 embeddings for Krishna_BSA.pdf
2025-04-13 16:21:31,028 - INFO - [process_file] - Generated 202 embeddings for mounika BA resume 7.pdf
2025-04-13 16:22:42,140 - INFO - [process_file] - Generated 125 embeddings for Shashank.pdf
2025-04-13 16:23:22,298 - INFO - [process_file] - Generated 173 embeddings for Brahma-Resume (BA).pdf
2025-04-13 16:25:26,508 - INFO - [process_file] - Generated 185 embeddings for Krishnapriya_BA.pdf
2025-04-13 16:27:35,144 - INFO - [process_file] - Generated 283 embeddings for Krishna_SrJava.pdf
2025-04-13 16:27:49,443 - INFO - [process_file] - Generated 110 embeddings for ParthMPatel_BA.pdf
2025-04-13 16:27:50,252 - INFO - [process_file] - Generated 220 embeddings for Ramteja Motupalli.pdf
2025-04-13 16:27:52,663 - INFO - [process_file] - Generated 170 embeddings for mohid_rj.pdf
2025-04-13 16:31:31,262 - INFO - [process_file] - Generated 159 embeddings for Vinay.D_Resume.pdf
2025-04-13 16:33:41,125 - INFO - [process_file] - Generated 252 embeddings for ram nandyala.pdf
2025-04-13 16:33:59,181 - INFO - [process_file] - Generated 77 embeddings for Jennifer  M. Conte.pdf
2025-04-13 16:35:51,520 - INFO - [process_file] - Generated 259 embeddings for ronith s.pdf
2025-04-13 16:37:30,195 - INFO - [process_file] - Generated 298 embeddings for Tarun.pdf
2025-04-13 16:37:44,280 - INFO - [process_file] - Generated 257 embeddings for Amar Sr BSA.pdf
2025-04-13 16:39:22,635 - INFO - [process_file] - Generated 320 embeddings for Ramachandra EDA.pdf
2025-04-13 16:39:52,991 - INFO - [process_file] - Generated 287 embeddings for Harish K.pdf
2025-04-13 16:40:00,232 - INFO - [process_file] - Generated 180 embeddings for Madhuri Pawar.pdf
2025-04-13 16:41:31,834 - INFO - [process_file] - Generated 311 embeddings for Tarun_Developer.pdf
2025-04-13 16:41:49,204 - INFO - [process_file] - Generated 230 embeddings for Kumar Raj.pdf
2025-04-13 16:43:31,759 - INFO - [process_file] - Generated 136 embeddings for B Shaker-Sr BSA-Scrum Master .pdf
2025-04-13 16:44:23,794 - INFO - [process_file] - Generated 219 embeddings for Shiva G-Java Resume.pdf
2025-04-13 16:46:42,645 - INFO - [process_file] - Generated 288 embeddings for sai k.pdf
2025-04-13 16:49:31,495 - INFO - [process_file] - Generated 207 embeddings for Reddemma_Lankipalle.pdf
2025-04-13 16:49:35,409 - INFO - [process_file] - Generated 316 embeddings for Priya B.pdf
2025-04-13 16:50:01,461 - INFO - [process_file] - Generated 255 embeddings for jeck P.pdf
2025-04-13 16:50:07,729 - INFO - [process_file] - Generated 260 embeddings for Sudhakar Reddy.pdf
2025-04-13 16:50:39,212 - INFO - [process_file] - Generated 179 embeddings for Amrinder Business Analyst.pdf
2025-04-13 16:52:18,848 - INFO - [process_file] - Generated 162 embeddings for B Suresh Kumar_Project Manager_1.pdf
2025-04-13 16:53:53,032 - INFO - [process_file] - Generated 163 embeddings for TeresaNeetipudi IT BA.pdf
2025-04-13 16:55:55,397 - INFO - [process_file] - Generated 101 embeddings for SaravanaKumar.pdf
2025-04-13 16:58:07,819 - INFO - [process_file] - Generated 268 embeddings for Nandini_Resume.pdf
2025-04-13 16:58:38,924 - INFO - [process_file] - Generated 268 embeddings for Rashmitha R.pdf
2025-04-13 16:59:06,981 - INFO - [process_file] - Generated 197 embeddings for MounikaReddy.pdf
2025-04-13 16:59:24,541 - INFO - [process_file] - Generated 175 embeddings for Deepika Chintalapati.pdf
2025-04-13 16:59:50,625 - INFO - [process_file] - Generated 8 embeddings for employer_mounika details.pdf
2025-04-13 17:02:52,962 - INFO - [process_file] - Generated 170 embeddings for Mani_Hadoop.pdf
2025-04-13 17:03:02,235 - INFO - [process_file] - Generated 153 embeddings for Priya_Sharma.pdf
2025-04-13 17:03:06,381 - INFO - [process_file] - Generated 216 embeddings for chenna kesava.pdf
2025-04-13 17:05:08,974 - INFO - [process_file] - Generated 568 embeddings for manish_singh_resume.pdf
2025-04-13 17:05:11,570 - INFO - [process_file] - Generated 317 embeddings for Randy Adams.pdf
2025-04-13 17:06:10,174 - INFO - [process_file] - Generated 382 embeddings for vema reddy.pdf
2025-04-13 17:07:25,445 - INFO - [process_file] - Generated 191 embeddings for harish S.pdf
2025-04-13 17:07:37,006 - INFO - [process_file] - Generated 340 embeddings for Sundar_Java_8+ Years..pdf
2025-04-13 17:08:17,998 - INFO - [process_file] - Generated 166 embeddings for Abiral_Pandey_Fullstack_Java.pdf
2025-04-13 17:09:34,226 - INFO - [process_file] - Generated 145 embeddings for Venkata_Sr.PHP_Developer.pdf
2025-04-13 17:10:15,318 - INFO - [process_file] - Generated 257 embeddings for kalyan das.pdf
2025-04-13 17:11:05,019 - INFO - [process_file] - Generated 255 embeddings for Naveen.S_Resume.pdf
2025-04-13 17:11:19,998 - INFO - [process_file] - Generated 250 embeddings for Sarath M.pdf
2025-04-13 17:12:08,214 - INFO - [process_file] - Generated 148 embeddings for Jimi_Desai_PM.pdf
2025-04-13 17:12:11,326 - INFO - [process_file] - Generated 222 embeddings for BA - Abhishek.pdf
2025-04-13 17:13:17,196 - INFO - [process_file] - Generated 294 embeddings for Sumanth Manne Java Developer.pdf
2025-04-13 17:14:56,200 - INFO - [process_file] - Generated 136 embeddings for Dhanalaxmi -BA.pdf
2025-04-13 17:15:42,603 - INFO - [process_file] - Generated 134 embeddings for Vamshi Teja_Business Analyst.pdf
2025-04-13 17:19:23,560 - INFO - [process_file] - Generated 50 embeddings for Resume - Sr PM.pdf
2025-04-13 17:20:16,584 - INFO - [process_file] - Generated 153 embeddings for Resume - PM Agile-Scrum.pdf
2025-04-13 17:21:58,451 - INFO - [process_file] - Generated 168 embeddings for Achyuth Resume_8.pdf
2025-04-13 17:22:16,297 - INFO - [process_file] - Generated 186 embeddings for RaviRaju_Resume.pdf
2025-04-13 17:22:58,438 - INFO - [process_file] - Generated 220 embeddings for Drakshajavauidev.pdf
2025-04-13 17:23:06,333 - INFO - [process_file] - Generated 214 embeddings for Neha Mugghala.pdf
2025-04-13 17:24:03,892 - INFO - [process_file] - Generated 199 embeddings for Praveen B.pdf
2025-04-13 17:24:47,719 - INFO - [process_file] - Generated 233 embeddings for Navneeth Resume.pdf
2025-04-13 17:25:53,165 - INFO - [process_file] - Generated 367 embeddings for Srivatsan_Project_Manager.pdf
2025-04-13 17:26:21,264 - INFO - [process_file] - Generated 188 embeddings for Praveen T.pdf
2025-04-13 17:27:13,507 - INFO - [process_file] - Generated 195 embeddings for Manohar B.pdf
2025-04-13 17:27:55,750 - INFO - [process_file] - Generated 184 embeddings for Mahesh_Kamath_PM (1).pdf
2025-04-13 17:28:08,190 - INFO - [process_file] - Generated 303 embeddings for Nikhil.pdf
2025-04-13 17:29:36,766 - INFO - [process_file] - Generated 218 embeddings for Varun Kumar.pdf
2025-04-13 17:30:13,462 - INFO - [process_file] - Generated 135 embeddings for Varun.pdf
2025-04-13 17:31:31,458 - INFO - [process_file] - Generated 316 embeddings for Kashyap K. Vora resume.pdf
2025-04-13 17:31:38,945 - INFO - [process_file] - Generated 120 embeddings for Smita Kamble_Resume.pdf
2025-04-13 17:32:14,550 - INFO - [process_file] - Generated 233 embeddings for sanjay kumar.pdf
2025-04-13 17:32:31,052 - INFO - [process_file] - Generated 209 embeddings for Resume - Kishore Kotapati - 218E - BA.pdf
2025-04-13 17:33:40,895 - INFO - [process_file] - Generated 105 embeddings for Ranjan_Project Manager-Scrum Master.pdf
2025-04-13 17:34:38,131 - INFO - [process_file] - Generated 117 embeddings for Sai Krishna BA.pdf
2025-04-13 17:35:24,349 - INFO - [process_file] - Generated 188 embeddings for Business Analyst_GHyma.pdf
2025-04-13 17:35:49,064 - INFO - [process_file] - Generated 180 embeddings for Pavan Sr Business Analyst resume.pdf
2025-04-13 17:35:55,812 - INFO - [process_file] - Generated 202 embeddings for Vishnu J.pdf
2025-04-13 17:36:03,566 - INFO - [process_file] - Generated 138 embeddings for Mounika_P.pdf
2025-04-13 17:36:17,863 - INFO - [process_file] - Generated 113 embeddings for Vivek Joshi_CV.pdf
2025-04-13 17:37:34,811 - INFO - [process_file] - Generated 280 embeddings for Priyanka Sr BSA Resume.pdf
2025-04-13 17:37:41,260 - INFO - [process_file] - Generated 170 embeddings for Kuppurajbabu_BA.pdf
2025-04-13 17:38:10,873 - INFO - [process_file] - Generated 298 embeddings for avinash G.pdf
2025-04-13 17:38:20,565 - INFO - [process_file] - Generated 164 embeddings for HARI_Sr.Java Developer.pdf
2025-04-13 17:40:03,880 - INFO - [process_file] - Generated 233 embeddings for Amulya Komatineni.pdf
2025-04-13 17:40:14,760 - INFO - [process_file] - Generated 348 embeddings for AnilAgarwal.pdf
2025-04-13 17:40:23,258 - INFO - [process_file] - Generated 196 embeddings for Uday_Maripelly.pdf
2025-04-13 17:41:00,654 - INFO - [process_file] - Generated 178 embeddings for Harshitha Challa.pdf
2025-04-13 17:43:17,361 - INFO - [process_file] - Generated 142 embeddings for Chandler_BA.pdf
2025-04-13 17:43:32,080 - INFO - [process_file] - Generated 157 embeddings for KY BA PM UPDATED RESUME .pdf
2025-04-13 17:43:42,888 - INFO - [process_file] - Generated 239 embeddings for indrakaran soma.pdf
2025-04-13 17:44:03,966 - INFO - [process_file] - Generated 152 embeddings for Murali_Project Manager QA.pdf
2025-04-13 17:45:04,806 - INFO - [process_file] - Generated 163 embeddings for Sai kumar.pdf
2025-04-13 17:45:20,312 - INFO - [process_file] - Generated 257 embeddings for Rao_Java.pdf
2025-04-13 17:45:21,650 - INFO - [process_file] - Generated 260 embeddings for Sougandh_Java Fullstack Developer.pdf
2025-04-13 17:45:25,887 - INFO - [process_file] - Generated 370 embeddings for Tushar Patel.pdf
2025-04-13 17:45:59,457 - INFO - [process_file] - Generated 350 embeddings for Pavan Kumar Full Stack Java Developer.pdf
2025-04-13 17:45:59,968 - INFO - [process_file] - Generated 366 embeddings for Anil Krishna Mogalaturthi.pdf
2025-04-13 17:45:59,971 - INFO - [process_all_files] - Total new sentences found: 46944
2025-04-13 17:45:59,976 - INFO - [build_incremental_index] - Model embedding dimension: 1024
2025-04-13 17:45:59,977 - INFO - [build_or_load_index] - Creating new FAISS index.
2025-04-13 17:46:00,256 - INFO - [build_incremental_index] - Adding 46944 new vectors to FAISS index...
2025-04-13 17:46:00,322 - INFO - [build_incremental_index] - Successfully added vectors. Index size now: 46944
2025-04-13 17:46:00,611 - INFO - [build_incremental_index] - FAISS index saved to faiss.index
2025-04-13 17:46:01,786 - INFO - [add_metadata_batch] - Attempted to add 46944 metadata entries.
2025-04-13 17:46:01,787 - INFO - [build_incremental_index] - Added 46944 metadata entries to the database.
2025-04-13 17:46:01,826 - INFO - [main] - Initializing search components...
2025-04-13 17:46:01,827 - INFO - [fit_tfidf] - Fitting TF-IDF vectorizer for RAGRetriever...
2025-04-13 17:46:01,828 - INFO - [fit] - Fitting TF-IDF for KeywordSearcher...
2025-04-13 17:46:03,249 - INFO - [fit] - KeywordSearcher TF-IDF fitted on 46944 sentences.
2025-04-13 17:46:03,895 - INFO - [fit_tfidf] - TF-IDF fitted on 46944 sentences.
2025-04-13 17:46:03,896 - INFO - [main] - Search components initialized and TF-IDF fitted.
2025-04-13 17:53:04,353 - INFO - [load_index] - RAGRetriever loaded FAISS index with 46944 vectors.
2025-04-13 17:53:04,691 - ERROR - [get_metadata_by_faiss_ids] - Error fetching metadata by FAISS IDs: too many SQL variables
2025-04-13 17:53:04,691 - WARNING - [retrieve] - Could not retrieve context metadata around faiss_id 31398
2025-04-13 17:53:04,721 - ERROR - [get_metadata_by_faiss_ids] - Error fetching metadata by FAISS IDs: too many SQL variables
2025-04-13 17:53:04,721 - WARNING - [retrieve] - Could not retrieve context metadata around faiss_id 31492
2025-04-13 17:53:04,744 - ERROR - [get_metadata_by_faiss_ids] - Error fetching metadata by FAISS IDs: too many SQL variables
2025-04-13 17:53:04,745 - WARNING - [retrieve] - Could not retrieve context metadata around faiss_id 6149
2025-04-13 17:53:04,766 - ERROR - [get_metadata_by_faiss_ids] - Error fetching metadata by FAISS IDs: too many SQL variables
2025-04-13 17:53:04,766 - WARNING - [retrieve] - Could not retrieve context metadata around faiss_id 8484
2025-04-13 17:53:04,793 - ERROR - [get_metadata_by_faiss_ids] - Error fetching metadata by FAISS IDs: too many SQL variables
2025-04-13 17:53:04,794 - WARNING - [retrieve] - Could not retrieve context metadata around faiss_id 40669
2025-04-13 17:53:04,819 - ERROR - [get_metadata_by_faiss_ids] - Error fetching metadata by FAISS IDs: too many SQL variables
2025-04-13 17:53:04,819 - WARNING - [retrieve] - Could not retrieve context metadata around faiss_id 28003
2025-04-13 17:53:04,839 - ERROR - [get_metadata_by_faiss_ids] - Error fetching metadata by FAISS IDs: too many SQL variables
2025-04-13 17:53:04,839 - WARNING - [retrieve] - Could not retrieve context metadata around faiss_id 8155
2025-04-13 17:53:04,860 - ERROR - [get_metadata_by_faiss_ids] - Error fetching metadata by FAISS IDs: too many SQL variables
2025-04-13 17:53:04,860 - WARNING - [retrieve] - Could not retrieve context metadata around faiss_id 28395
2025-04-13 17:53:04,882 - ERROR - [get_metadata_by_faiss_ids] - Error fetching metadata by FAISS IDs: too many SQL variables
2025-04-13 17:53:04,882 - WARNING - [retrieve] - Could not retrieve context metadata around faiss_id 7757
2025-04-13 17:53:04,902 - ERROR - [get_metadata_by_faiss_ids] - Error fetching metadata by FAISS IDs: too many SQL variables
2025-04-13 17:53:04,903 - WARNING - [retrieve] - Could not retrieve context metadata around faiss_id 6221
2025-04-13 17:53:04,936 - ERROR - [get_metadata_by_faiss_ids] - Error fetching metadata by FAISS IDs: too many SQL variables
2025-04-13 17:53:04,937 - WARNING - [retrieve] - Could not retrieve context metadata around faiss_id 43322
2025-04-13 17:53:04,953 - ERROR - [get_metadata_by_faiss_ids] - Error fetching metadata by FAISS IDs: too many SQL variables
2025-04-13 17:53:04,954 - WARNING - [retrieve] - Could not retrieve context metadata around faiss_id 4671
2025-04-13 17:53:04,974 - ERROR - [get_metadata_by_faiss_ids] - Error fetching metadata by FAISS IDs: too many SQL variables
2025-04-13 17:53:04,975 - WARNING - [retrieve] - Could not retrieve context metadata around faiss_id 35628
2025-04-13 17:53:04,993 - ERROR - [get_metadata_by_faiss_ids] - Error fetching metadata by FAISS IDs: too many SQL variables
2025-04-13 17:53:04,993 - WARNING - [retrieve] - Could not retrieve context metadata around faiss_id 8772
2025-04-13 17:53:05,012 - ERROR - [get_metadata_by_faiss_ids] - Error fetching metadata by FAISS IDs: too many SQL variables
2025-04-13 17:53:05,013 - WARNING - [retrieve] - Could not retrieve context metadata around faiss_id 14838
2025-04-13 17:53:05,030 - ERROR - [get_metadata_by_faiss_ids] - Error fetching metadata by FAISS IDs: too many SQL variables
2025-04-13 17:53:05,031 - WARNING - [retrieve] - Could not retrieve context metadata around faiss_id 7019
2025-04-13 17:53:05,050 - ERROR - [get_metadata_by_faiss_ids] - Error fetching metadata by FAISS IDs: too many SQL variables
2025-04-13 17:53:05,051 - WARNING - [retrieve] - Could not retrieve context metadata around faiss_id 3577
2025-04-13 17:53:05,069 - ERROR - [get_metadata_by_faiss_ids] - Error fetching metadata by FAISS IDs: too many SQL variables
2025-04-13 17:53:05,070 - WARNING - [retrieve] - Could not retrieve context metadata around faiss_id 24583
2025-04-13 17:53:05,087 - ERROR - [get_metadata_by_faiss_ids] - Error fetching metadata by FAISS IDs: too many SQL variables
2025-04-13 17:53:05,087 - WARNING - [retrieve] - Could not retrieve context metadata around faiss_id 13004
2025-04-13 17:53:05,107 - ERROR - [get_metadata_by_faiss_ids] - Error fetching metadata by FAISS IDs: too many SQL variables
2025-04-13 17:53:05,108 - WARNING - [retrieve] - Could not retrieve context metadata around faiss_id 29945
2025-04-13 17:53:05,132 - ERROR - [get_metadata_by_faiss_ids] - Error fetching metadata by FAISS IDs: too many SQL variables
2025-04-13 17:53:05,132 - WARNING - [retrieve] - Could not retrieve context metadata around faiss_id 31304
2025-04-13 17:53:05,154 - ERROR - [get_metadata_by_faiss_ids] - Error fetching metadata by FAISS IDs: too many SQL variables
2025-04-13 17:53:05,155 - WARNING - [retrieve] - Could not retrieve context metadata around faiss_id 22170
2025-04-13 17:53:05,176 - ERROR - [get_metadata_by_faiss_ids] - Error fetching metadata by FAISS IDs: too many SQL variables
2025-04-13 17:53:05,178 - WARNING - [retrieve] - Could not retrieve context metadata around faiss_id 38513
2025-04-13 17:53:05,200 - ERROR - [get_metadata_by_faiss_ids] - Error fetching metadata by FAISS IDs: too many SQL variables
2025-04-13 17:53:05,200 - WARNING - [retrieve] - Could not retrieve context metadata around faiss_id 31134
2025-04-13 17:53:05,222 - ERROR - [get_metadata_by_faiss_ids] - Error fetching metadata by FAISS IDs: too many SQL variables
2025-04-13 17:53:05,223 - WARNING - [retrieve] - Could not retrieve context metadata around faiss_id 34820
2025-04-13 17:53:05,255 - ERROR - [get_metadata_by_faiss_ids] - Error fetching metadata by FAISS IDs: too many SQL variables
2025-04-13 17:53:05,255 - WARNING - [retrieve] - Could not retrieve context metadata around faiss_id 8127
2025-04-13 17:53:05,275 - ERROR - [get_metadata_by_faiss_ids] - Error fetching metadata by FAISS IDs: too many SQL variables
2025-04-13 17:53:05,276 - WARNING - [retrieve] - Could not retrieve context metadata around faiss_id 18848
2025-04-13 17:53:05,293 - ERROR - [get_metadata_by_faiss_ids] - Error fetching metadata by FAISS IDs: too many SQL variables
2025-04-13 17:53:05,293 - WARNING - [retrieve] - Could not retrieve context metadata around faiss_id 7773
2025-04-13 17:53:05,318 - ERROR - [get_metadata_by_faiss_ids] - Error fetching metadata by FAISS IDs: too many SQL variables
2025-04-13 17:53:05,319 - WARNING - [retrieve] - Could not retrieve context metadata around faiss_id 46583
2025-04-13 17:53:05,336 - ERROR - [get_metadata_by_faiss_ids] - Error fetching metadata by FAISS IDs: too many SQL variables
2025-04-13 17:53:05,336 - WARNING - [retrieve] - Could not retrieve context metadata around faiss_id 3004
2025-04-13 17:53:05,357 - ERROR - [get_metadata_by_faiss_ids] - Error fetching metadata by FAISS IDs: too many SQL variables
2025-04-13 17:53:05,357 - WARNING - [retrieve] - Could not retrieve context metadata around faiss_id 45578
2025-04-13 17:53:05,377 - ERROR - [get_metadata_by_faiss_ids] - Error fetching metadata by FAISS IDs: too many SQL variables
2025-04-13 17:53:05,378 - WARNING - [retrieve] - Could not retrieve context metadata around faiss_id 20741
2025-04-13 17:53:05,401 - ERROR - [get_metadata_by_faiss_ids] - Error fetching metadata by FAISS IDs: too many SQL variables
2025-04-13 17:53:05,401 - WARNING - [retrieve] - Could not retrieve context metadata around faiss_id 30628
2025-04-13 17:53:05,418 - ERROR - [get_metadata_by_faiss_ids] - Error fetching metadata by FAISS IDs: too many SQL variables
2025-04-13 17:53:05,419 - WARNING - [retrieve] - Could not retrieve context metadata around faiss_id 3547
2025-04-13 17:53:05,436 - ERROR - [get_metadata_by_faiss_ids] - Error fetching metadata by FAISS IDs: too many SQL variables
2025-04-13 17:53:05,436 - WARNING - [retrieve] - Could not retrieve context metadata around faiss_id 7877
2025-04-13 17:53:05,453 - ERROR - [get_metadata_by_faiss_ids] - Error fetching metadata by FAISS IDs: too many SQL variables
2025-04-13 17:53:05,454 - WARNING - [retrieve] - Could not retrieve context metadata around faiss_id 8564
2025-04-13 17:53:05,475 - ERROR - [get_metadata_by_faiss_ids] - Error fetching metadata by FAISS IDs: too many SQL variables
2025-04-13 17:53:05,475 - WARNING - [retrieve] - Could not retrieve context metadata around faiss_id 39528
2025-04-13 17:53:05,495 - ERROR - [get_metadata_by_faiss_ids] - Error fetching metadata by FAISS IDs: too many SQL variables
2025-04-13 17:53:05,495 - WARNING - [retrieve] - Could not retrieve context metadata around faiss_id 25412
2025-04-13 17:53:05,518 - ERROR - [get_metadata_by_faiss_ids] - Error fetching metadata by FAISS IDs: too many SQL variables
2025-04-13 17:53:05,520 - WARNING - [retrieve] - Could not retrieve context metadata around faiss_id 18005
2025-04-13 17:53:05,537 - ERROR - [get_metadata_by_faiss_ids] - Error fetching metadata by FAISS IDs: too many SQL variables
2025-04-13 17:53:05,537 - WARNING - [retrieve] - Could not retrieve context metadata around faiss_id 5007
2025-04-13 17:53:05,570 - ERROR - [get_metadata_by_faiss_ids] - Error fetching metadata by FAISS IDs: too many SQL variables
2025-04-13 17:53:05,570 - WARNING - [retrieve] - Could not retrieve context metadata around faiss_id 1455
2025-04-13 17:53:05,593 - ERROR - [get_metadata_by_faiss_ids] - Error fetching metadata by FAISS IDs: too many SQL variables
2025-04-13 17:53:05,593 - WARNING - [retrieve] - Could not retrieve context metadata around faiss_id 44475
2025-04-13 17:53:05,617 - ERROR - [get_metadata_by_faiss_ids] - Error fetching metadata by FAISS IDs: too many SQL variables
2025-04-13 17:53:05,618 - WARNING - [retrieve] - Could not retrieve context metadata around faiss_id 45596
2025-04-13 17:53:05,635 - ERROR - [get_metadata_by_faiss_ids] - Error fetching metadata by FAISS IDs: too many SQL variables
2025-04-13 17:53:05,635 - WARNING - [retrieve] - Could not retrieve context metadata around faiss_id 5788
2025-04-13 17:53:05,652 - ERROR - [get_metadata_by_faiss_ids] - Error fetching metadata by FAISS IDs: too many SQL variables
2025-04-13 17:53:05,652 - WARNING - [retrieve] - Could not retrieve context metadata around faiss_id 7333
2025-04-13 17:53:05,670 - ERROR - [get_metadata_by_faiss_ids] - Error fetching metadata by FAISS IDs: too many SQL variables
2025-04-13 17:53:05,671 - WARNING - [retrieve] - Could not retrieve context metadata around faiss_id 22264
2025-04-13 17:53:05,689 - ERROR - [get_metadata_by_faiss_ids] - Error fetching metadata by FAISS IDs: too many SQL variables
2025-04-13 17:53:05,690 - WARNING - [retrieve] - Could not retrieve context metadata around faiss_id 36208
2025-04-13 17:53:05,707 - ERROR - [get_metadata_by_faiss_ids] - Error fetching metadata by FAISS IDs: too many SQL variables
2025-04-13 17:53:05,707 - WARNING - [retrieve] - Could not retrieve context metadata around faiss_id 7973
2025-04-13 17:53:05,727 - ERROR - [get_metadata_by_faiss_ids] - Error fetching metadata by FAISS IDs: too many SQL variables
2025-04-13 17:53:05,727 - WARNING - [retrieve] - Could not retrieve context metadata around faiss_id 27952
2025-04-13 17:53:05,750 - ERROR - [get_metadata_by_faiss_ids] - Error fetching metadata by FAISS IDs: too many SQL variables
2025-04-13 17:53:05,751 - WARNING - [retrieve] - Could not retrieve context metadata around faiss_id 35657
2025-04-13 17:53:05,771 - ERROR - [get_metadata_by_faiss_ids] - Error fetching metadata by FAISS IDs: too many SQL variables
2025-04-13 17:53:05,771 - WARNING - [retrieve] - Could not retrieve context metadata around faiss_id 45795
2025-04-13 17:53:05,789 - ERROR - [get_metadata_by_faiss_ids] - Error fetching metadata by FAISS IDs: too many SQL variables
2025-04-13 17:53:05,790 - WARNING - [retrieve] - Could not retrieve context metadata around faiss_id 21472
2025-04-13 17:53:05,812 - ERROR - [get_metadata_by_faiss_ids] - Error fetching metadata by FAISS IDs: too many SQL variables
2025-04-13 17:53:05,813 - WARNING - [retrieve] - Could not retrieve context metadata around faiss_id 38625
2025-04-13 17:53:05,830 - ERROR - [get_metadata_by_faiss_ids] - Error fetching metadata by FAISS IDs: too many SQL variables
2025-04-13 17:53:05,830 - WARNING - [retrieve] - Could not retrieve context metadata around faiss_id 1938
2025-04-13 17:53:05,854 - ERROR - [get_metadata_by_faiss_ids] - Error fetching metadata by FAISS IDs: too many SQL variables
2025-04-13 17:53:05,854 - WARNING - [retrieve] - Could not retrieve context metadata around faiss_id 44313
2025-04-13 17:53:05,883 - ERROR - [get_metadata_by_faiss_ids] - Error fetching metadata by FAISS IDs: too many SQL variables
2025-04-13 17:53:05,884 - WARNING - [retrieve] - Could not retrieve context metadata around faiss_id 9687
2025-04-13 17:53:05,903 - ERROR - [get_metadata_by_faiss_ids] - Error fetching metadata by FAISS IDs: too many SQL variables
2025-04-13 17:53:05,903 - WARNING - [retrieve] - Could not retrieve context metadata around faiss_id 28893
2025-04-13 17:53:05,919 - ERROR - [get_metadata_by_faiss_ids] - Error fetching metadata by FAISS IDs: too many SQL variables
2025-04-13 17:53:05,920 - WARNING - [retrieve] - Could not retrieve context metadata around faiss_id 6531
2025-04-13 17:53:05,940 - ERROR - [get_metadata_by_faiss_ids] - Error fetching metadata by FAISS IDs: too many SQL variables
2025-04-13 17:53:05,940 - WARNING - [retrieve] - Could not retrieve context metadata around faiss_id 40646
2025-04-13 17:53:05,959 - ERROR - [get_metadata_by_faiss_ids] - Error fetching metadata by FAISS IDs: too many SQL variables
2025-04-13 17:53:05,960 - WARNING - [retrieve] - Could not retrieve context metadata around faiss_id 18635
2025-04-13 17:53:05,982 - ERROR - [get_metadata_by_faiss_ids] - Error fetching metadata by FAISS IDs: too many SQL variables
2025-04-13 17:53:05,983 - WARNING - [retrieve] - Could not retrieve context metadata around faiss_id 45025
2025-04-13 17:53:06,001 - ERROR - [get_metadata_by_faiss_ids] - Error fetching metadata by FAISS IDs: too many SQL variables
2025-04-13 17:53:06,003 - WARNING - [retrieve] - Could not retrieve context metadata around faiss_id 29392
2025-04-13 17:53:06,022 - ERROR - [get_metadata_by_faiss_ids] - Error fetching metadata by FAISS IDs: too many SQL variables
2025-04-13 17:53:06,023 - WARNING - [retrieve] - Could not retrieve context metadata around faiss_id 35367
2025-04-13 17:53:06,040 - ERROR - [get_metadata_by_faiss_ids] - Error fetching metadata by FAISS IDs: too many SQL variables
2025-04-13 17:53:06,040 - WARNING - [retrieve] - Could not retrieve context metadata around faiss_id 15840
2025-04-13 17:53:06,058 - ERROR - [get_metadata_by_faiss_ids] - Error fetching metadata by FAISS IDs: too many SQL variables
2025-04-13 17:53:06,059 - WARNING - [retrieve] - Could not retrieve context metadata around faiss_id 19524
2025-04-13 17:53:06,082 - ERROR - [get_metadata_by_faiss_ids] - Error fetching metadata by FAISS IDs: too many SQL variables
2025-04-13 17:53:06,083 - WARNING - [retrieve] - Could not retrieve context metadata around faiss_id 35824
2025-04-13 17:53:06,102 - ERROR - [get_metadata_by_faiss_ids] - Error fetching metadata by FAISS IDs: too many SQL variables
2025-04-13 17:53:06,103 - WARNING - [retrieve] - Could not retrieve context metadata around faiss_id 43754
2025-04-13 17:53:06,168 - ERROR - [get_metadata_by_faiss_ids] - Error fetching metadata by FAISS IDs: too many SQL variables
2025-04-13 17:53:06,170 - WARNING - [retrieve] - Could not retrieve context metadata around faiss_id 27354
2025-04-13 17:53:06,201 - ERROR - [get_metadata_by_faiss_ids] - Error fetching metadata by FAISS IDs: too many SQL variables
2025-04-13 17:53:06,201 - WARNING - [retrieve] - Could not retrieve context metadata around faiss_id 44994
2025-04-13 17:53:06,221 - ERROR - [get_metadata_by_faiss_ids] - Error fetching metadata by FAISS IDs: too many SQL variables
2025-04-13 17:53:06,221 - WARNING - [retrieve] - Could not retrieve context metadata around faiss_id 27492
2025-04-13 17:53:06,239 - ERROR - [get_metadata_by_faiss_ids] - Error fetching metadata by FAISS IDs: too many SQL variables
2025-04-13 17:53:06,239 - WARNING - [retrieve] - Could not retrieve context metadata around faiss_id 9694
2025-04-13 17:53:06,272 - ERROR - [get_metadata_by_faiss_ids] - Error fetching metadata by FAISS IDs: too many SQL variables
2025-04-13 17:53:06,273 - WARNING - [retrieve] - Could not retrieve context metadata around faiss_id 13895
2025-04-13 17:53:06,294 - ERROR - [get_metadata_by_faiss_ids] - Error fetching metadata by FAISS IDs: too many SQL variables
2025-04-13 17:53:06,294 - WARNING - [retrieve] - Could not retrieve context metadata around faiss_id 28014
2025-04-13 17:53:06,316 - ERROR - [get_metadata_by_faiss_ids] - Error fetching metadata by FAISS IDs: too many SQL variables
2025-04-13 17:53:06,317 - WARNING - [retrieve] - Could not retrieve context metadata around faiss_id 33879
2025-04-13 17:53:06,334 - ERROR - [get_metadata_by_faiss_ids] - Error fetching metadata by FAISS IDs: too many SQL variables
2025-04-13 17:53:06,335 - WARNING - [retrieve] - Could not retrieve context metadata around faiss_id 12778
2025-04-13 17:53:06,353 - ERROR - [get_metadata_by_faiss_ids] - Error fetching metadata by FAISS IDs: too many SQL variables
2025-04-13 17:53:06,354 - WARNING - [retrieve] - Could not retrieve context metadata around faiss_id 22573
2025-04-13 17:53:06,373 - ERROR - [get_metadata_by_faiss_ids] - Error fetching metadata by FAISS IDs: too many SQL variables
2025-04-13 17:53:06,374 - WARNING - [retrieve] - Could not retrieve context metadata around faiss_id 38461
2025-04-13 17:53:06,396 - ERROR - [get_metadata_by_faiss_ids] - Error fetching metadata by FAISS IDs: too many SQL variables
2025-04-13 17:53:06,396 - WARNING - [retrieve] - Could not retrieve context metadata around faiss_id 30687
2025-04-13 17:53:06,415 - ERROR - [get_metadata_by_faiss_ids] - Error fetching metadata by FAISS IDs: too many SQL variables
2025-04-13 17:53:06,416 - WARNING - [retrieve] - Could not retrieve context metadata around faiss_id 8816
2025-04-13 17:53:06,436 - ERROR - [get_metadata_by_faiss_ids] - Error fetching metadata by FAISS IDs: too many SQL variables
2025-04-13 17:53:06,437 - WARNING - [retrieve] - Could not retrieve context metadata around faiss_id 45372
2025-04-13 17:57:42,075 - ERROR - [main] - An error occurred during the search loop:
Traceback (most recent call last):
  File "E:\AI Model\sqlite V3\main.py", line 1211, in main
    retriever = RAGRetriever(args.index_path, args.db_path, model, faiss_candidates=args.faiss_candidates)
                              ^^^^^^^^^^^^^^^^^^^^^^^^^^^^^^^^^^^^^^^^^
EOFError
2025-04-13 18:00:41,604 - INFO - [initialize_database] - Database initialized at resume_engine.db
2025-04-13 18:00:41,605 - INFO - [main] - Loading Sentence Transformer model: intfloat/e5-large
2025-04-13 18:00:41,605 - INFO - [__init__] - Load pretrained SentenceTransformer: intfloat/e5-large
2025-04-13 18:00:45,870 - INFO - [__init__] - Use pytorch device_name: cpu
2025-04-13 18:00:45,882 - INFO - [main] - Initializing search components...
2025-04-13 18:00:45,882 - INFO - [fit_tfidf] - Fitting TF-IDF vectorizer for RAGRetriever...
2025-04-13 18:00:45,884 - INFO - [fit] - Fitting TF-IDF for KeywordSearcher...
2025-04-13 18:00:47,228 - INFO - [fit_tfidf] - TF-IDF fitted on 46944 sentences.
2025-04-13 18:00:47,857 - INFO - [fit] - KeywordSearcher TF-IDF fitted on 46944 sentences.
2025-04-13 18:00:47,858 - INFO - [main] - Search components initialized and TF-IDF fitted.
2025-04-13 18:01:03,627 - INFO - [load_index] - RAGRetriever loaded FAISS index with 46944 vectors.
2025-04-13 18:02:08,318 - INFO - [hybrid_search] - Performing hybrid retrieval...
2025-04-13 18:02:39,721 - INFO - [hybrid_search] - Retrieved 10 vector results and 10 keyword results.
2025-04-13 18:02:39,722 - INFO - [hybrid_search] - Fused results count: 10
2025-04-13 18:02:39,722 - INFO - [hybrid_search] - Starting LLM re-ranking...
2025-04-13 18:02:39,756 - ERROR - [main] - An error occurred during the search loop:
Traceback (most recent call last):
  File "E:\AI Model\sqlite V3\main.py", line 1255, in main
    hybrid_results = await hybrid_search(
                     ^^^^^^^^^^^^^^^^^^^^
  File "E:\AI Model\sqlite V3\main.py", line 1074, in hybrid_search
    reranked_candidates = await score_relevance_with_llm(session, query, fused_results, api_key, endpoint, db_path)
                          ^^^^^^^^^^^^^^^^^^^^^^^^^^^^^^^^^^^^^^^^^^^^^^^^^^^^^^^^^^^^^^^^^^^^^^^^^^^^^^^^^^^^^^^^^
  File "E:\AI Model\sqlite V3\main.py", line 882, in score_relevance_with_llm
    text = item["text"]
           ~~~~^^^^^^^^
KeyError: 'text'
2025-04-13 18:13:42,684 - INFO - [initialize_database] - Database initialized at resume_engine.db
2025-04-13 18:13:42,684 - INFO - [main] - Loading Sentence Transformer model: intfloat/e5-large
2025-04-13 18:13:42,685 - INFO - [__init__] - Load pretrained SentenceTransformer: intfloat/e5-large
2025-04-13 18:13:47,608 - INFO - [__init__] - Use pytorch device_name: cpu
2025-04-13 18:13:47,620 - INFO - [main] - Initializing search components...
2025-04-13 18:13:47,620 - INFO - [fit_tfidf] - Fitting TF-IDF vectorizer for RAGRetriever...
2025-04-13 18:13:47,622 - INFO - [fit] - Fitting TF-IDF for KeywordSearcher...
2025-04-13 18:13:48,971 - INFO - [fit_tfidf] - TF-IDF fitted on 46944 sentences.
2025-04-13 18:13:49,578 - INFO - [fit] - KeywordSearcher TF-IDF fitted on 46944 sentences.
2025-04-13 18:13:49,579 - INFO - [main] - Search components initialized and TF-IDF fitted.
2025-04-13 18:14:03,790 - INFO - [load_index] - RAGRetriever loaded FAISS index with 46944 vectors.
2025-04-13 18:15:20,822 - INFO - [hybrid_search] - Performing hybrid retrieval...
2025-04-13 18:15:52,525 - INFO - [hybrid_search] - Retrieved 10 vector results and 10 keyword results.
2025-04-13 18:15:52,525 - INFO - [hybrid_search] - Fused results count: 10
2025-04-13 18:15:52,526 - INFO - [hybrid_search] - Starting LLM re-ranking...
2025-04-13 18:15:52,528 - ERROR - [main] - An error occurred during the search loop:
Traceback (most recent call last):
  File "E:\AI Model\sqlite V3\main.py", line 1255, in main
    hybrid_results = await hybrid_search(
                     ^^^^^^^^^^^^^^^^^^^^
  File "E:\AI Model\sqlite V3\main.py", line 1074, in hybrid_search
    reranked_candidates = await score_relevance_with_llm(session, query, fused_results, api_key, endpoint, db_path)
                          ^^^^^^^^^^^^^^^^^^^^^^^^^^^^^^^^^^^^^^^^^^^^^^^^^^^^^^^^^^^^^^^^^^^^^^^^^^^^^^^^^^^^^^^^^
  File "E:\AI Model\sqlite V3\main.py", line 882, in score_relevance_with_llm
    text = item["text"]
           ~~~~^^^^^^^^
KeyError: 'text'
2025-04-13 18:21:21,477 - ERROR - [main] - An error occurred during the search loop:
Traceback (most recent call last):
  File "E:\AI Model\sqlite V3\main.py", line 1229, in main
    async with aiohttp.ClientSession() as session:
                              ^^^^^^^^^^^^^^^^^^^^^
EOFError
2025-04-13 18:21:34,225 - INFO - [initialize_database] - Database initialized at resume_engine.db
2025-04-13 18:21:34,225 - INFO - [main] - Loading Sentence Transformer model: intfloat/e5-large
2025-04-13 18:21:34,225 - INFO - [__init__] - Load pretrained SentenceTransformer: intfloat/e5-large
2025-04-13 18:21:38,515 - INFO - [__init__] - Use pytorch device_name: cpu
2025-04-13 18:21:38,527 - INFO - [main] - Initializing search components...
2025-04-13 18:21:38,527 - INFO - [fit_tfidf] - Fitting TF-IDF vectorizer for RAGRetriever...
2025-04-13 18:21:38,528 - INFO - [fit] - Fitting TF-IDF for KeywordSearcher...
2025-04-13 18:21:39,950 - INFO - [fit] - KeywordSearcher TF-IDF fitted on 46944 sentences.
2025-04-13 18:21:40,560 - INFO - [fit_tfidf] - TF-IDF fitted on 46944 sentences.
2025-04-13 18:21:40,561 - INFO - [main] - Search components initialized and TF-IDF fitted.
2025-04-13 18:21:48,336 - INFO - [hybrid_search] - Performing hybrid retrieval...
2025-04-13 18:21:48,469 - INFO - [load_index] - RAGRetriever loaded FAISS index with 46944 vectors.
2025-04-13 18:22:20,619 - INFO - [hybrid_search] - Retrieved 10 vector results and 10 keyword results.
2025-04-13 18:22:20,621 - INFO - [hybrid_search] - Fused results count: 10
2025-04-13 18:22:20,621 - INFO - [hybrid_search] - Starting LLM re-ranking...
2025-04-13 18:22:20,650 - INFO - [score_relevance_with_llm] - Running 5 LLM scoring tasks concurrently...
2025-04-13 18:22:22,777 - INFO - [score_relevance_with_llm] - LLM scoring tasks complete.
2025-04-13 18:22:22,862 - INFO - [hybrid_search] - LLM re-ranking complete. Candidates count: 5
2025-04-13 18:22:22,862 - INFO - [hybrid_search] - Generating 5 justifications...
2025-04-13 18:22:26,038 - INFO - [hybrid_search] - Justification generation complete.
2025-04-13 18:36:29,095 - ERROR - [main] - An error occurred during the search loop:
Traceback (most recent call last):
  File "E:\AI Model\sqlite V3\main.py", line 1232, in main
    print("Enter a job requirement or query.")
                              ^^^^^^^^^^^^^^^^^
EOFError
2025-04-13 18:36:41,289 - INFO - [initialize_database] - Database initialized at resume_engine.db
2025-04-13 18:36:41,290 - INFO - [main] - Loading Sentence Transformer model: intfloat/e5-large
2025-04-13 18:36:41,291 - INFO - [__init__] - Load pretrained SentenceTransformer: intfloat/e5-large
2025-04-13 18:36:45,521 - INFO - [__init__] - Use pytorch device_name: cpu
2025-04-13 18:36:45,525 - INFO - [main] - ⏩ Skipping indexing phase as requested.
2025-04-13 18:36:45,526 - INFO - [main] - Initializing search components...
2025-04-13 18:36:45,527 - INFO - [fit_tfidf] - Fitting TF-IDF vectorizer for RAGRetriever...
2025-04-13 18:36:45,528 - INFO - [fit] - Fitting TF-IDF for KeywordSearcher...
2025-04-13 18:36:46,891 - INFO - [fit] - KeywordSearcher TF-IDF fitted on 46944 sentences.
2025-04-13 18:36:47,495 - INFO - [fit_tfidf] - TF-IDF fitted on 46944 sentences.
2025-04-13 18:36:47,497 - INFO - [main] - Search components initialized and TF-IDF fitted.
2025-04-13 18:37:32,982 - INFO - [hybrid_search] - Performing hybrid retrieval...
2025-04-13 18:37:33,115 - INFO - [load_index] - RAGRetriever loaded FAISS index with 46944 vectors.
2025-04-13 18:38:04,743 - INFO - [hybrid_search] - Retrieved 10 vector results and 10 keyword results.
2025-04-13 18:38:04,745 - INFO - [hybrid_search] - Fused results count: 10
2025-04-13 18:38:04,745 - INFO - [hybrid_search] - Starting LLM re-ranking...
2025-04-13 18:38:04,766 - WARNING - [score_relevance_with_llm] - ⚠️ Skipping candidate missing required keys: {'score': 0.016666666666666666, 'sources': ['keyword']}
2025-04-13 18:38:04,768 - WARNING - [score_relevance_with_llm] - ⚠️ Skipping candidate missing required keys: {'score': 0.01639344262295082, 'sources': ['keyword']}
2025-04-13 18:38:04,771 - WARNING - [score_relevance_with_llm] - ⚠️ Skipping candidate missing required keys: {'score': 0.016129032258064516, 'sources': ['keyword']}
2025-04-13 18:38:04,776 - WARNING - [score_relevance_with_llm] - ⚠️ Skipping candidate missing required keys: {'score': 0.015873015873015872, 'sources': ['keyword']}
2025-04-13 18:38:04,782 - WARNING - [score_relevance_with_llm] - ⚠️ Skipping candidate missing required keys: {'score': 0.015625, 'sources': ['keyword']}
2025-04-13 18:38:04,784 - INFO - [score_relevance_with_llm] - Running 5 LLM scoring tasks concurrently...
2025-04-13 18:38:07,128 - INFO - [score_relevance_with_llm] - LLM scoring tasks complete.
2025-04-13 18:38:07,210 - INFO - [hybrid_search] - LLM re-ranking complete. Candidates count: 5
2025-04-13 18:38:07,211 - INFO - [hybrid_search] - Generating 5 justifications...
2025-04-13 18:38:10,596 - INFO - [hybrid_search] - Justification generation complete.
2025-04-13 19:03:00,010 - ERROR - [main] - An error occurred during the search loop:
Traceback (most recent call last):
  File "E:\AI Model\sqlite V3\main.py", line 1277, in main
  File "E:\AI Model\sqlite V3\main.py", line 1132, in display_results_with_feedback
EOFError
2025-04-13 19:03:12,495 - INFO - [initialize_database] - Database initialized at resume_engine.db
2025-04-13 19:03:12,497 - INFO - [main] - Loading Sentence Transformer model: intfloat/e5-large
2025-04-13 19:03:12,497 - INFO - [__init__] - Load pretrained SentenceTransformer: intfloat/e5-large
2025-04-13 19:03:16,610 - INFO - [__init__] - Use pytorch device_name: cpu
2025-04-13 19:03:16,615 - INFO - [main] - ⏩ Skipping indexing phase as requested.
2025-04-13 19:03:16,616 - INFO - [main] - Initializing search components...
2025-04-13 19:03:16,617 - INFO - [fit_tfidf] - Fitting TF-IDF vectorizer for RAGRetriever...
2025-04-13 19:03:16,619 - INFO - [fit] - Fitting TF-IDF for KeywordSearcher...
2025-04-13 19:03:18,044 - INFO - [fit] - KeywordSearcher TF-IDF fitted on 46944 sentences.
2025-04-13 19:03:18,658 - INFO - [fit_tfidf] - TF-IDF fitted on 46944 sentences.
2025-04-13 19:03:18,659 - INFO - [main] - Search components initialized and TF-IDF fitted.
2025-04-13 19:03:23,273 - INFO - [hybrid_search] - Performing hybrid retrieval...
2025-04-13 19:03:23,406 - INFO - [load_index] - RAGRetriever loaded FAISS index with 46944 vectors.
2025-04-13 19:03:54,947 - INFO - [hybrid_search] - Retrieved 10 vector results and 10 keyword results.
2025-04-13 19:03:54,948 - INFO - [hybrid_search] - Fused results count: 10
2025-04-13 19:03:54,949 - INFO - [hybrid_search] - Starting LLM re-ranking...
2025-04-13 19:03:54,953 - WARNING - [score_relevance_with_llm] - ⚠️ Skipping candidate missing required keys: {'score': 0.016666666666666666, 'sources': ['keyword']}
2025-04-13 19:03:54,955 - WARNING - [score_relevance_with_llm] - ⚠️ Skipping candidate missing required keys: {'score': 0.01639344262295082, 'sources': ['keyword']}
2025-04-13 19:03:54,958 - WARNING - [score_relevance_with_llm] - ⚠️ Skipping candidate missing required keys: {'score': 0.016129032258064516, 'sources': ['keyword']}
2025-04-13 19:03:54,962 - WARNING - [score_relevance_with_llm] - ⚠️ Skipping candidate missing required keys: {'score': 0.015873015873015872, 'sources': ['keyword']}
2025-04-13 19:03:54,966 - WARNING - [score_relevance_with_llm] - ⚠️ Skipping candidate missing required keys: {'score': 0.015625, 'sources': ['keyword']}
2025-04-13 19:03:54,967 - INFO - [hybrid_search] - LLM re-ranking complete. Candidates count: 5
2025-04-13 19:03:54,967 - INFO - [hybrid_search] - Generating 5 justifications...
2025-04-13 19:03:59,192 - INFO - [hybrid_search] - Justification generation complete.
2025-04-13 19:05:12,515 - ERROR - [main] - An error occurred during the search loop:
Traceback (most recent call last):
  File "E:\AI Model\sqlite V3\main.py", line 1330, in main
    display_results_with_feedback(hybrid_results, actual_query)
  File "E:\AI Model\sqlite V3\main.py", line 1185, in display_results_with_feedback
    feedback = input("\n   Is this result relevant? (y/n/skip): ").lower().strip()
               ^^^^^^^^^^^^^^^^^^^^^^^^^^^^^^^^^^^^^^^^^^^^^^^^^^^
EOFError
2025-04-13 19:06:04,439 - INFO - [initialize_database] - Database initialized at resume_engine.db
2025-04-13 19:06:04,440 - INFO - [main] - Loading Sentence Transformer model: intfloat/e5-large
2025-04-13 19:06:04,440 - INFO - [__init__] - Load pretrained SentenceTransformer: intfloat/e5-large
2025-04-13 19:06:10,198 - INFO - [__init__] - Use pytorch device_name: cpu
2025-04-13 19:06:10,203 - INFO - [main] - 🚀 Starting indexing phase...
2025-04-13 19:06:10,229 - INFO - [process_all_files] - Found 226 supported files.
2025-04-13 19:06:10,544 - INFO - [process_all_files] - Found 46944 existing sentence hashes in DB.
2025-04-13 19:06:37,661 - INFO - [process_all_files] - Total new sentences found: 0
2025-04-13 19:06:37,665 - INFO - [build_incremental_index] - ✅ No new sentences to process. Index and DB remain unchanged.
2025-04-13 19:06:37,667 - INFO - [main] - ⏳ Indexing phase completed in 27.46 seconds.
2025-04-13 19:06:37,667 - INFO - [main] - Initializing search components...
2025-04-13 19:06:37,668 - INFO - [fit_tfidf] - Fitting TF-IDF vectorizer for RAGRetriever...
2025-04-13 19:06:37,669 - INFO - [fit] - Fitting TF-IDF for KeywordSearcher...
2025-04-13 19:06:38,718 - INFO - [fit] - KeywordSearcher TF-IDF fitted on 46944 sentences.
2025-04-13 19:06:39,197 - INFO - [fit_tfidf] - TF-IDF fitted on 46944 sentences.
2025-04-13 19:06:39,198 - INFO - [main] - Search components initialized and TF-IDF fitted.
